This is pdfTeX, Version 3.141592653-2.6-1.40.27 (MiKTeX 25.2) (preloaded format=pdflatex 2025.2.24)  7 OCT 2025 07:22
entering extended mode
 restricted \write18 enabled.
 %&-line parsing enabled.
**./document.tex
(document.tex
LaTeX2e <2024-11-01> patch level 2
L3 programming layer <2025-01-18>
(format/preamble.ltx
(C:\Users\Hans\AppData\Local\Programs\MiKTeX\tex/latex/memoir\memoir.cls
Document Class: memoir 2024/01/26 v3.8.2 configurable book, report, article doc
ument class
(C:\Users\Hans\AppData\Local\Programs\MiKTeX\tex/latex/xpatch\xpatch.sty
(C:\Users\Hans\AppData\Local\Programs\MiKTeX\tex/latex/l3kernel\expl3.sty
Package: expl3 2025-01-18 L3 programming layer (loader) 

(C:\Users\Hans\AppData\Local\Programs\MiKTeX\tex/latex/l3backend\l3backend-pdft
ex.def
File: l3backend-pdftex.def 2024-05-08 L3 backend support: PDF output (pdfTeX)
\l__color_backend_stack_int=\count196
\l__pdf_internal_box=\box52
))
Package: xpatch 2020/03/25 v0.3a Extending etoolbox patching commands

(C:\Users\Hans\AppData\Local\Programs\MiKTeX\tex/latex/l3packages/xparse\xparse
.sty
Package: xparse 2024-08-16 L3 Experimental document command parser
)
(C:\Users\Hans\AppData\Local\Programs\MiKTeX\tex/latex/etoolbox\etoolbox.sty
Package: etoolbox 2025/02/11 v2.5l e-TeX tools for LaTeX (JAW)
\etb@tempcnta=\count197
))
\onelineskip=\skip49
\lxvchars=\skip50
\xlvchars=\skip51
\@memcnta=\count198
\c@@memmarkcntra=\count199

(C:\Users\Hans\AppData\Local\Programs\MiKTeX\tex/generic/iftex\iftex.sty
Package: iftex 2024/12/12 v1.0g TeX engine tests
)
\trimtop=\skip52
\trimedge=\skip53

(C:\Users\Hans\AppData\Local\Programs\MiKTeX\tex/latex/memoir\mem12.clo
File: mem12.clo 2022/07/29 v0.5 memoir class 12pt size option
)
\binding=\skip54
\spinemargin=\skip55
\foremargin=\skip56
\uppermargin=\skip57
\lowermargin=\skip58
\headdrop=\skip59
\normalrulethickness=\skip60
\mem@maxheadheight=\skip61
\mem@maxfootheight=\skip62
\headwidth=\skip63
\c@storedpagenumber=\count266
\memPD=\dimen141
\m@mabparskip=\skip64
\thanksmarkwidth=\skip65
\thanksmarksep=\skip66
\droptitle=\skip67
\c@book=\count267
\c@part=\count268
\c@chapter=\count269
\c@section=\count270
\c@subsection=\count271
\c@subsubsection=\count272
\c@paragraph=\count273
\c@subparagraph=\count274
\beforechapskip=\skip68
\midchapskip=\skip69
\afterchapskip=\skip70
\chapindent=\skip71
\bottomsectionskip=\skip72
\secindent=\skip73
\beforesecskip=\skip74
\aftersecskip=\skip75
\subsecindent=\skip76
\beforesubsecskip=\skip77
\aftersubsecskip=\skip78
\subsubsecindent=\skip79
\beforesubsubsecskip=\skip80
\aftersubsubsecskip=\skip81
\paraindent=\skip82
\beforeparaskip=\skip83
\afterparaskip=\skip84
\subparaindent=\skip85
\beforesubparaskip=\skip86
\aftersubparaskip=\skip87
\pfbreakskip=\skip88
\c@@ppsavesec=\count275
\c@@ppsaveapp=\count276
\ragrparindent=\dimen142
\everylistparindent=\dimen143
\parsepi=\skip89
\topsepi=\skip90
\itemsepi=\skip91
\parsepii=\skip92
\topsepii=\skip93
\topsepiii=\skip94
\itemsepii=\skip95
\itemsepiii=\skip96
\partopsepii=\skip97
\partopsepiii=\skip98
\m@msavetopsep=\skip99
\m@msavepartopsep=\skip100
\@enLab=\toks17
\abstitleskip=\skip101
\absleftindent=\skip102
\abs@leftindent=\dimen144
\absrightindent=\skip103
\absparindent=\skip104
\absparsep=\skip105
\c@vslineno=\count277
\c@poemline=\count278
\c@modulo@vs=\count279
\c@memfvsline=\count280
\vleftskip=\skip106
\vrightskip=\skip107
\stanzaskip=\skip108
\versewidth=\skip109
\vgap=\skip110
\vindent=\skip111
\vleftmargin=\dimen145
\c@verse=\count281
\c@chrsinstr=\count282
\beforepoemtitleskip=\skip112
\afterpoemtitleskip=\skip113
\c@poem=\count283
\beforePoemTitleskip=\skip114
\midPoemTitleskip=\skip115
\afterPoemTitleskip=\skip116

(C:\Users\Hans\AppData\Local\Programs\MiKTeX\tex/latex/tools\array.sty
Package: array 2024/10/17 v2.6g Tabular extension package (FMi)
\col@sep=\dimen146
\ar@mcellbox=\box53
\extrarowheight=\dimen147
\NC@list=\toks18
\extratabsurround=\skip117
\backup@length=\skip118
\ar@cellbox=\box54
)
(C:\Users\Hans\AppData\Local\Programs\MiKTeX\tex/latex/tools\dcolumn.sty
Package: dcolumn 2023/07/08 v1.06 decimal alignment package (DPC)
)
(C:\Users\Hans\AppData\Local\Programs\MiKTeX\tex/latex/tools\delarray.sty
Package: delarray 2014/10/28 v1.01 array delimiter package (DPC)
)
(C:\Users\Hans\AppData\Local\Programs\MiKTeX\tex/latex/tools\tabularx.sty
Package: tabularx 2023/12/11 v2.12a `tabularx' package (DPC)
\TX@col@width=\dimen148
\TX@old@table=\dimen149
\TX@old@col=\dimen150
\TX@target=\dimen151
\TX@delta=\dimen152
\TX@cols=\count284
\TX@ftn=\toks19
)
(C:\Users\Hans\AppData\Local\Programs\MiKTeX\tex/latex/booktabs\booktabs.sty
Package: booktabs 2020/01/12 v1.61803398 Publication quality tables
\heavyrulewidth=\dimen153
\lightrulewidth=\dimen154
\cmidrulewidth=\dimen155
\belowrulesep=\dimen156
\belowbottomsep=\dimen157
\aboverulesep=\dimen158
\abovetopsep=\dimen159
\cmidrulesep=\dimen160
\cmidrulekern=\dimen161
\defaultaddspace=\dimen162
\@cmidla=\count285
\@cmidlb=\count286
\@aboverulesep=\dimen163
\@belowrulesep=\dimen164
\@thisruleclass=\count287
\@lastruleclass=\count288
\@thisrulewidth=\dimen165
)
\ctableftskip=\skip119
\ctabrightskip=\skip120
\abovecolumnspenalty=\count289
\@linestogo=\count290
\@cellstogo=\count291
\@cellsincolumn=\count292
\crtok=\toks20
\@mincolumnwidth=\dimen166
\c@newflo@tctr=\count293
\mem@margin@floatbox=\box55
\@contcwidth=\skip121
\@contindw=\skip122
\abovecaptionskip=\skip123
\belowcaptionskip=\skip124
\subfloattopskip=\skip125
\subfloatcapskip=\skip126
\subfloatcaptopadj=\skip127
\subfloatbottomskip=\skip128
\subfloatlabelskip=\skip129
\subfloatcapmargin=\dimen167
\c@@contsubnum=\count294
\m@mscap@capbox=\box56
\m@mscap@fbox=\box57
\sidecapsep=\dimen168
\sidecapwidth=\dimen169
\m@m@tempdima=\dimen170
\m@mscapraise=\dimen171
\sidecapraise=\dimen172
\m@mscapmainwidth=\dimen173
\m@mscaplkern=\dimen174
\beforeepigraphskip=\skip130
\afterepigraphskip=\skip131
\epigraphwidth=\skip132
\epigraphrule=\skip133
LaTeX Info: Redefining \em on input line 6932.
LaTeX Info: Redefining \emph on input line 6940.

(C:\Users\Hans\AppData\Local\Programs\MiKTeX\tex/latex/hyperref\nameref.sty
Package: nameref 2023-11-26 v2.56 Cross-referencing by name of section

(C:\Users\Hans\AppData\Local\Programs\MiKTeX\tex/latex/refcount\refcount.sty
Package: refcount 2019/12/15 v3.6 Data extraction from label references (HO)

(C:\Users\Hans\AppData\Local\Programs\MiKTeX\tex/generic/ltxcmds\ltxcmds.sty
Package: ltxcmds 2023-12-04 v1.26 LaTeX kernel commands for general use (HO)
)
(C:\Users\Hans\AppData\Local\Programs\MiKTeX\tex/generic/infwarerr\infwarerr.st
y
Package: infwarerr 2019/12/03 v1.5 Providing info/warning/error messages (HO)
))
(C:\Users\Hans\AppData\Local\Programs\MiKTeX\tex/generic/gettitlestring\gettitl
estring.sty
Package: gettitlestring 2019/12/15 v1.6 Cleanup title references (HO)

(C:\Users\Hans\AppData\Local\Programs\MiKTeX\tex/latex/kvoptions\kvoptions.sty
Package: kvoptions 2022-06-15 v3.15 Key value format for package options (HO)

(C:\Users\Hans\AppData\Local\Programs\MiKTeX\tex/latex/graphics\keyval.sty
Package: keyval 2022/05/29 v1.15 key=value parser (DPC)
\KV@toks@=\toks21
)
(C:\Users\Hans\AppData\Local\Programs\MiKTeX\tex/latex/kvsetkeys\kvsetkeys.sty
Package: kvsetkeys 2022-10-05 v1.19 Key value parser (HO)
)))
\c@section@level=\count295
)
\tocentryskip=\skip134
\tocbaseline=\skip135
\cftparskip=\skip136
\cftbeforebookskip=\skip137
\cftbookindent=\dimen175
\cftbooknumwidth=\dimen176
\cftbeforepartskip=\skip138
\cftpartindent=\skip139
\cftpartnumwidth=\skip140
\cftbeforechapterskip=\skip141
\cftchapterindent=\skip142
\cftchapternumwidth=\skip143
\cftbeforesectionskip=\skip144
\cftsectionindent=\skip145
\cftsectionnumwidth=\skip146
\cftbeforesubsectionskip=\skip147
\cftsubsectionindent=\skip148
\cftsubsectionnumwidth=\skip149
\cftbeforesubsubsectionskip=\skip150
\cftsubsubsectionindent=\skip151
\cftsubsubsectionnumwidth=\skip152
\cftbeforeparagraphskip=\skip153
\cftparagraphindent=\skip154
\cftparagraphnumwidth=\skip155
\cftbeforesubparagraphskip=\skip156
\cftsubparagraphindent=\skip157
\cftsubparagraphnumwidth=\skip158
\prechapterprecisshift=\dimen177
\c@maxsecnumdepth=\count296
\bibindent=\dimen178
\bibitemsep=\skip159
\indexcolsep=\skip160
\indexrule=\skip161
\indexmarkstyle=\toks22
\@indexbox=\insert252
LaTeX Info: Redefining \raggedbottom on input line 7935.
LaTeX Info: Redefining \flushbottom on input line 7939.
\glossarycolsep=\dimen179
\glossaryrule=\dimen180
\sideparvshift=\skip162
\sideins=\insert251
\sidebartopsep=\skip163
\sidebarhsep=\skip164
\sidebarvsep=\skip165
\sidebarwidth=\skip166
\footmarkwidth=\skip167
\footmarksep=\skip168
\footparindent=\skip169
\footinsdim=\skip170
\footinsv@r=\insert250
\@mpfootinsv@r=\insert249
\m@m@k=\count297
\m@m@h=\dimen181
\m@mipn@skip=\skip171
\sidefootins=\insert248
\sidefootadjust=\skip172
\sidefootheight=\skip173
\sidefoothsep=\skip174
\sidefootvsep=\skip175
\sidefootwidth=\skip176
\m@mdownsf=\skip177
\c@sidefootnote=\count298
\sidefootmarkwidth=\skip178
\sidefootmarksep=\skip179
\sidefootparindent=\skip180
\c@pagenote=\count299
\c@pagenoteshadow=\count300
\mem@pn@lastkern=\skip181
 (C:\Users\Hans\AppData\Local\Programs\MiKTeX\tex/latex/tools\verbatim.sty
Package: verbatim 2024-01-22 v1.5x LaTeX2e package for verbatim enhancements
\every@verbatim=\toks23
\verbatim@line=\toks24
\verbatim@in@stream=\read2
)
\verbatimindent=\skip182
\verbatim@out=\write3

(C:\Users\Hans\AppData\Local\Programs\MiKTeX\tex/latex/base\shortvrb.sty
Package: shortvrb 2024/10/23 v3.0q Standard LaTeX documentation package V3 (FMi
)
)
\bvboxsep=\skip183
\c@memfbvline=\count301
\c@bvlinectr=\count302
\bvnumlength=\skip184
\fb@frw=\dimen182
\fb@frh=\dimen183
\FrameRule=\dimen184
\FrameSep=\dimen185
\c@cp@cntr=\count303
\c@ism@mctr=\count304
\c@xsm@mctr=\count305
\c@csm@mctr=\count306
\c@ksm@mctr=\count307
\c@xksm@mctr=\count308
\c@cksm@mctr=\count309
\c@msm@mctr=\count310
\c@xmsm@mctr=\count311
\c@cmsm@mctr=\count312
\c@bsm@mctr=\count313
\c@workm@mctr=\count314
\c@sheetsequence=\count315
\c@lastsheet=\count316
\c@lastpage=\count317

(C:\Users\Hans\AppData\Local\Programs\MiKTeX\tex/latex/textcase\textcase.sty
Package: textcase 2025/02/16 v1.05 Text only upper/lower case changing (DPC)
Package textcase Info: Defining Legacy names on input line 20.
)
\c@figure=\count318
\c@lofdepth=\count319
\cftbeforefigureskip=\skip185
\cftfigureindent=\skip186
\cftfigurenumwidth=\skip187
\c@table=\count320
\c@lotdepth=\count321
\cftbeforetableskip=\skip188
\cfttableindent=\skip189
\cfttablenumwidth=\skip190
Package abstract [2008/07/23] emulated by memoir.
Package appendix [2008/07/23] emulated by memoir.
Package ccaption [2008/07/23] emulated by memoir.
Package changepage [2008/07/23] emulated by memoir.
Package chngcntr [2008/07/23] emulated by memoir.
Package chngpage [2008/07/23] emulated by memoir.
Package crop emulated by memoir.
Package enumerate [2008/07/23] emulated by memoir.
Package epigraph [2008/07/23] emulated by memoir.
Package ifmtarg [2008/07/23] emulated by memoir.
Package index [2008/07/23] emulated by memoir.
Package makeidx [2008/07/23] emulated by memoir.
Package moreverb [2008/07/23] emulated by memoir.
Package needspace [2008/07/23] emulated by memoir.
Package newfile [2008/07/23] emulated by memoir.
Package nextpage [2008/07/23] emulated by memoir.
Package pagenote [2008/07/23] emulated by memoir.
Package parskip [2008/07/23] emulated by memoir.
Package patchcmd [2008/07/23] emulated by memoir.
Package setspace [2008/07/23] emulated by memoir.
Package shortvrb [2008/07/23] emulated by memoir.
Package showidx [2008/07/23] emulated by memoir.
Package titleref [2008/07/23] emulated by memoir.
Package titling [2008/07/23] emulated by memoir.
Package tocbibind [2008/07/23] emulated by memoir.
Package tocloft [2008/07/23] emulated by memoir.
Package tocvsec2 [2008/07/23] emulated by memoir.
Package verbatim [2008/07/23] emulated by memoir.
Package verse [2008/07/23] emulated by memoir.
)
(C:\Users\Hans\AppData\Local\Programs\MiKTeX\tex/latex/amsmath\amsmath.sty
Package: amsmath 2024/11/05 v2.17t AMS math features
\@mathmargin=\skip191

For additional information on amsmath, use the `?' option.
(C:\Users\Hans\AppData\Local\Programs\MiKTeX\tex/latex/amsmath\amstext.sty
Package: amstext 2021/08/26 v2.01 AMS text

(C:\Users\Hans\AppData\Local\Programs\MiKTeX\tex/latex/amsmath\amsgen.sty
File: amsgen.sty 1999/11/30 v2.0 generic functions
\@emptytoks=\toks25
\ex@=\dimen186
))
(C:\Users\Hans\AppData\Local\Programs\MiKTeX\tex/latex/amsmath\amsbsy.sty
Package: amsbsy 1999/11/29 v1.2d Bold Symbols
\pmbraise@=\dimen187
)
(C:\Users\Hans\AppData\Local\Programs\MiKTeX\tex/latex/amsmath\amsopn.sty
Package: amsopn 2022/04/08 v2.04 operator names
)
\inf@bad=\count322
LaTeX Info: Redefining \frac on input line 233.
\uproot@=\count323
\leftroot@=\count324
LaTeX Info: Redefining \overline on input line 398.
LaTeX Info: Redefining \colon on input line 409.
\classnum@=\count325
\DOTSCASE@=\count326
LaTeX Info: Redefining \ldots on input line 495.
LaTeX Info: Redefining \dots on input line 498.
LaTeX Info: Redefining \cdots on input line 619.
\Mathstrutbox@=\box58
\strutbox@=\box59
LaTeX Info: Redefining \big on input line 721.
LaTeX Info: Redefining \Big on input line 722.
LaTeX Info: Redefining \bigg on input line 723.
LaTeX Info: Redefining \Bigg on input line 724.
\big@size=\dimen188
LaTeX Font Info:    Redeclaring font encoding OML on input line 742.
LaTeX Font Info:    Redeclaring font encoding OMS on input line 743.
\macc@depth=\count327
LaTeX Info: Redefining \bmod on input line 904.
LaTeX Info: Redefining \pmod on input line 909.
LaTeX Info: Redefining \smash on input line 939.
LaTeX Info: Redefining \relbar on input line 969.
LaTeX Info: Redefining \Relbar on input line 970.
\c@MaxMatrixCols=\count328
\dotsspace@=\muskip17
\c@parentequation=\count329
\dspbrk@lvl=\count330
\tag@help=\toks26
\row@=\count331
\column@=\count332
\maxfields@=\count333
\andhelp@=\toks27
\eqnshift@=\dimen189
\alignsep@=\dimen190
\tagshift@=\dimen191
\tagwidth@=\dimen192
\totwidth@=\dimen193
\lineht@=\dimen194
\@envbody=\toks28
\multlinegap=\skip192
\multlinetaggap=\skip193
\mathdisplay@stack=\toks29
LaTeX Info: Redefining \[ on input line 2953.
LaTeX Info: Redefining \] on input line 2954.
)
(C:\Users\Hans\AppData\Local\Programs\MiKTeX\tex/latex/amsfonts\amssymb.sty
Package: amssymb 2013/01/14 v3.01 AMS font symbols

(C:\Users\Hans\AppData\Local\Programs\MiKTeX\tex/latex/amsfonts\amsfonts.sty
Package: amsfonts 2013/01/14 v3.01 Basic AMSFonts support
\symAMSa=\mathgroup4
\symAMSb=\mathgroup5
LaTeX Font Info:    Redeclaring math symbol \hbar on input line 98.
LaTeX Font Info:    Overwriting math alphabet `\mathfrak' in version `bold'
(Font)                  U/euf/m/n --> U/euf/b/n on input line 106.
))
(C:\Users\Hans\AppData\Local\Programs\MiKTeX\tex/latex/isomath\isomath.sty
Package: isomath 2012/09/04 v0.6.1 ISO math style

(C:\Users\Hans\AppData\Local\Programs\MiKTeX\tex/latex/fixmath\fixmath.sty
Package: fixmath 2022/10/06 v0.9.1 (WaS)
LaTeX Font Info:    Redeclaring math symbol \Gamma on input line 27.
LaTeX Font Info:    Redeclaring math symbol \Delta on input line 28.
LaTeX Font Info:    Redeclaring math symbol \Theta on input line 29.
LaTeX Font Info:    Redeclaring math symbol \Lambda on input line 30.
LaTeX Font Info:    Redeclaring math symbol \Xi on input line 31.
LaTeX Font Info:    Redeclaring math symbol \Pi on input line 32.
LaTeX Font Info:    Redeclaring math symbol \Sigma on input line 33.
LaTeX Font Info:    Redeclaring math symbol \Upsilon on input line 34.
LaTeX Font Info:    Redeclaring math symbol \Phi on input line 35.
LaTeX Font Info:    Redeclaring math symbol \Psi on input line 36.
LaTeX Font Info:    Redeclaring math symbol \Omega on input line 37.
LaTeX Font Info:    Redeclaring math symbol \alpha on input line 38.
LaTeX Font Info:    Redeclaring math symbol \beta on input line 39.
LaTeX Font Info:    Redeclaring math symbol \gamma on input line 40.
LaTeX Font Info:    Redeclaring math symbol \delta on input line 41.
LaTeX Font Info:    Redeclaring math symbol \epsilon on input line 42.
LaTeX Font Info:    Redeclaring math symbol \zeta on input line 43.
LaTeX Font Info:    Redeclaring math symbol \eta on input line 44.
LaTeX Font Info:    Redeclaring math symbol \theta on input line 45.
LaTeX Font Info:    Redeclaring math symbol \iota on input line 46.
LaTeX Font Info:    Redeclaring math symbol \kappa on input line 47.
LaTeX Font Info:    Redeclaring math symbol \lambda on input line 48.
LaTeX Font Info:    Redeclaring math symbol \mu on input line 49.
LaTeX Font Info:    Redeclaring math symbol \nu on input line 50.
LaTeX Font Info:    Redeclaring math symbol \xi on input line 51.
LaTeX Font Info:    Redeclaring math symbol \pi on input line 52.
LaTeX Font Info:    Redeclaring math symbol \rho on input line 53.
LaTeX Font Info:    Redeclaring math symbol \sigma on input line 54.
LaTeX Font Info:    Redeclaring math symbol \tau on input line 55.
LaTeX Font Info:    Redeclaring math symbol \upsilon on input line 56.
LaTeX Font Info:    Redeclaring math symbol \phi on input line 57.
LaTeX Font Info:    Redeclaring math symbol \chi on input line 58.
LaTeX Font Info:    Redeclaring math symbol \psi on input line 59.
LaTeX Font Info:    Redeclaring math symbol \omega on input line 60.
LaTeX Font Info:    Redeclaring math symbol \varepsilon on input line 61.
LaTeX Font Info:    Redeclaring math symbol \vartheta on input line 62.
LaTeX Font Info:    Redeclaring math symbol \varpi on input line 63.
LaTeX Font Info:    Redeclaring math symbol \varphi on input line 64.
LaTeX Font Info:    Redeclaring math symbol \varrho on input line 65.
LaTeX Font Info:    Redeclaring math symbol \varsigma on input line 66.
)
LaTeX Font Info:    Overwriting math alphabet `\mathsfit' in version `bold'
(Font)                  OML/cmbr/m/it --> OML/cmbr/bx/it on input line 201.
)
(C:\Users\Hans\AppData\Local\Programs\MiKTeX\tex/latex/jknappen\mathrsfs.sty
Package: mathrsfs 1996/01/01 Math RSFS package v1.0 (jk)
\symrsfs=\mathgroup6
)
(C:\Users\Hans\AppData\Local\Programs\MiKTeX\tex/generic/xint\xintexpr.sty
(C:\Users\Hans\AppData\Local\Programs\MiKTeX\tex/generic/xint\xintfrac.sty
(C:\Users\Hans\AppData\Local\Programs\MiKTeX\tex/generic/xint\xint.sty
(C:\Users\Hans\AppData\Local\Programs\MiKTeX\tex/generic/xint\xintcore.sty
(C:\Users\Hans\AppData\Local\Programs\MiKTeX\tex/generic/xint\xintkernel.sty
Package: xintkernel 2022/06/10 v1.4m Paraphernalia for the xint packages (JFB)
\xint_c_ii^xiv=\count334
\xint_c_ii^xxi=\count335
)
Package: xintcore 2022/06/10 v1.4m Expandable arithmetic on big integers (JFB)
\xint_c_x^viii=\count336
\xint_c_x^ix=\count337
\xint_c_x^viii_mone=\count338
\xint_c_xii_e_viii=\count339
\xint_c_xi_e_viii_mone=\count340
)
Package: xint 2022/06/10 v1.4m Expandable operations on big integers (JFB)
\xint_c_nine_x^viii=\count341
)
Package: xintfrac 2022/06/10 v1.4m Expandable operations on fractions (JFB)
) (C:\Users\Hans\AppData\Local\Programs\MiKTeX\tex/generic/xint\xinttools.sty
Package: xinttools 2022/06/10 v1.4m Expandable and non-expandable utilities (JF
B)
\XINT_toks=\toks30
)
Package: xintexpr 2022/06/10 v1.4m Expandable expression parser (JFB)

(C:\Users\Hans\AppData\Local\Programs\MiKTeX\tex/generic/xint\xinttrig.sty
Package: xinttrig 2022/06/10 v1.4m Trigonometrical functions for xintexpr (JFB)

)
(C:\Users\Hans\AppData\Local\Programs\MiKTeX\tex/generic/xint\xintlog.sty
Package: xintlog 2022/06/10 v1.4m Logarithms and exponentials for xintexpr (JFB
)

(C:\Users\Hans\AppData\Local\Programs\MiKTeX\tex/latex/poormanlog\poormanlog.st
y
Package: poormanlog 2022/05/25 v0.07 base 10 log and pow with 9 digits (JFB)

(C:\Users\Hans\AppData\Local\Programs\MiKTeX\tex/generic/poormanlog\poormanlog.
tex))))
(C:\Users\Hans\AppData\Local\Programs\MiKTeX\tex/latex/breakcites\breakcites.st
y) (C:\Users\Hans\AppData\Local\Programs\MiKTeX\tex/latex/graphics\graphicx.sty
Package: graphicx 2021/09/16 v1.2d Enhanced LaTeX Graphics (DPC,SPQR)
(C:\Users\Hans\AppData\Local\Programs\MiKTeX\tex/latex/graphics\graphics.sty
Package: graphics 2024/08/06 v1.4g Standard LaTeX Graphics (DPC,SPQR)

(C:\Users\Hans\AppData\Local\Programs\MiKTeX\tex/latex/graphics\trig.sty
Package: trig 2023/12/02 v1.11 sin cos tan (DPC)
)
(C:\Users\Hans\AppData\Local\Programs\MiKTeX\tex/latex/graphics-cfg\graphics.cf
g
File: graphics.cfg 2016/06/04 v1.11 sample graphics configuration
)
Package graphics Info: Driver file: pdftex.def on input line 106.

(C:\Users\Hans\AppData\Local\Programs\MiKTeX\tex/latex/graphics-def\pdftex.def
File: pdftex.def 2024/04/13 v1.2c Graphics/color driver for pdftex
))
\Gin@req@height=\dimen195
\Gin@req@width=\dimen196
) (C:\Users\Hans\AppData\Local\Programs\MiKTeX\tex/latex/tools\multicol.sty
Package: multicol 2024/09/14 v1.9i multicolumn formatting (FMi)
\c@tracingmulticols=\count342
\mult@box=\box60
\multicol@leftmargin=\dimen197
\c@unbalance=\count343
\c@collectmore=\count344
\doublecol@number=\count345
\multicoltolerance=\count346
\multicolpretolerance=\count347
\full@width=\dimen198
\page@free=\dimen199
\premulticols=\dimen256
\postmulticols=\dimen257
\multicolsep=\skip194
\multicolbaselineskip=\skip195
\partial@page=\box61
\last@line=\box62
\mc@boxedresult=\box63
\maxbalancingoverflow=\dimen258
\mult@rightbox=\box64
\mult@grightbox=\box65
\mult@firstbox=\box66
\mult@gfirstbox=\box67
\@tempa=\box68
\@tempa=\box69
\@tempa=\box70
\@tempa=\box71
\@tempa=\box72
\@tempa=\box73
\@tempa=\box74
\@tempa=\box75
\@tempa=\box76
\@tempa=\box77
\@tempa=\box78
\@tempa=\box79
\@tempa=\box80
\@tempa=\box81
\@tempa=\box82
\@tempa=\box83
\@tempa=\box84
\@tempa=\box85
\@tempa=\box86
\@tempa=\box87
\@tempa=\box88
\@tempa=\box89
\@tempa=\box90
\@tempa=\box91
\@tempa=\box92
\@tempa=\box93
\@tempa=\box94
\@tempa=\box95
\@tempa=\box96
\@tempa=\box97
\@tempa=\box98
\@tempa=\box99
\@tempa=\box100
\@tempa=\box101
\@tempa=\box102
\@tempa=\box103
\c@minrows=\count348
\c@columnbadness=\count349
\c@finalcolumnbadness=\count350
\last@try=\dimen259
\multicolovershoot=\dimen260
\multicolundershoot=\dimen261
\mult@nat@firstbox=\box104
\colbreak@box=\box105
\mc@col@check@num=\count351
)
(C:\Users\Hans\AppData\Local\Programs\MiKTeX\tex/latex/multirow\multirow.sty
Package: multirow 2024/11/12 v2.9 Span multiple rows of a table
\multirow@colwidth=\skip196
\multirow@cntb=\count352
\multirow@dima=\skip197
\bigstrutjot=\dimen262
)
(C:\Users\Hans\AppData\Local\Programs\MiKTeX\tex/latex/graphics\rotating.sty
Package: rotating 2016/08/11 v2.16d rotated objects in LaTeX

(C:\Users\Hans\AppData\Local\Programs\MiKTeX\tex/latex/base\ifthen.sty
Package: ifthen 2024/03/16 v1.1e Standard LaTeX ifthen package (DPC)
)
\c@r@tfl@t=\count353
\rotFPtop=\skip198
\rotFPbot=\skip199
\rot@float@box=\box106
\rot@mess@toks=\toks31
)
(C:\Users\Hans\AppData\Local\Programs\MiKTeX\tex/latex/pdflscape\pdflscape.sty
Package: pdflscape 2022-10-27 v0.13 Display of landscape pages in PDF

(C:\Users\Hans\AppData\Local\Programs\MiKTeX\tex/latex/pdflscape\pdflscape-nome
tadata.sty
Package: pdflscape-nometadata 2022-10-28 v0.13 Display of landscape pages in PD
F (HO)

(C:\Users\Hans\AppData\Local\Programs\MiKTeX\tex/latex/graphics\lscape.sty
Package: lscape 2020/05/28 v3.02 Landscape Pages (DPC)
)
Package pdflscape Info: Auto-detected driver: pdftex on input line 81.
))
(C:\Users\Hans\AppData\Local\Programs\MiKTeX\tex/latex/mdwtools\mdwtab.sty
Package: mdwtab 1998/04/28 1.9 Table typesetting with style
\tab@state=\count354
\tab@columns=\count355
\tab@preamble=\toks32
\tab@shortline=\toks33
\extrarowheight=\dimen263
\tabextrasep=\dimen264
\arrayextrasep=\dimen265
\smarraycolsep=\dimen266
\smarrayextrasep=\dimen267
\tab@width=\dimen268
\col@sep=\dimen269
\tab@endheight=\dimen270
\tab@leftskip=\skip256
\tab@rightskip=\skip257
\fn@notes=\box107
\fn@width=\dimen271
)
(C:\Users\Hans\AppData\Local\Programs\MiKTeX\tex/latex/ltablex\ltablex.sty
Package: ltablex 2014/08/13 v1.1 Modified tabularx

(C:\Users\Hans\AppData\Local\Programs\MiKTeX\tex/latex/tools\longtable.sty
Package: longtable 2024-10-27 v4.22 Multi-page Table package (DPC)
\LTleft=\skip258
\LTright=\skip259
\LTpre=\skip260
\LTpost=\skip261
\LTchunksize=\count356
\LTcapwidth=\dimen272
\LT@head=\box108
\LT@firsthead=\box109
\LT@foot=\box110
\LT@lastfoot=\box111
\LT@gbox=\box112
\LT@cols=\count357
\LT@rows=\count358
\c@LT@tables=\count359
\c@LT@chunks=\count360
\LT@p@ftn=\toks34
))
(C:\Users\Hans\AppData\Local\Programs\MiKTeX\tex/latex/eqparbox\eqparbox.sty
Package: eqparbox 2017/09/03 v4.1 Create equal-widthed boxes
\eqp@tempdima=\skip262
\eqp@tempdimb=\skip263
\eqp@tabular@box=\box113
\eqp@list@box=\box114
\eqp@list@indent=\skip264

(C:\Users\Hans\AppData\Local\Programs\MiKTeX\tex/latex/environ\environ.sty
Package: environ 2014/05/04 v0.3 A new way to define environments

(C:\Users\Hans\AppData\Local\Programs\MiKTeX\tex/latex/trimspaces\trimspaces.st
y
Package: trimspaces 2009/09/17 v1.1 Trim spaces around a token list
))) (C:\Users\Hans\AppData\Local\Programs\MiKTeX\tex/latex/caption\caption.sty
Package: caption 2023/08/05 v3.6o Customizing captions (AR)
(C:\Users\Hans\AppData\Local\Programs\MiKTeX\tex/latex/caption\caption3.sty
Package: caption3 2023/07/31 v2.4d caption3 kernel (AR)
\caption@tempdima=\dimen273
\captionmargin=\dimen274
\caption@leftmargin=\dimen275
\caption@rightmargin=\dimen276
\caption@width=\dimen277
\caption@indent=\dimen278
\caption@parindent=\dimen279
\caption@hangindent=\dimen280
Package caption Info: memoir document class detected.

(C:\Users\Hans\AppData\Local\Programs\MiKTeX\tex/latex/caption\caption-memoir.s
to
File: caption-memoir.sto 2023/09/08 v2.2c Adaption of the caption package to th
e memoir document class (AR)
))
\c@caption@flags=\count361
\c@continuedfloat=\count362
Package caption Info: changepage package is loaded.
\caption@adjustwidth@hsize=\dimen281
\caption@adjustwidth@linewidth=\dimen282
Package caption Info: longtable package is loaded.

(C:\Users\Hans\AppData\Local\Programs\MiKTeX\tex/latex/caption\ltcaption.sty
Package: ltcaption 2021/01/08 v1.4c longtable captions (AR)
)
Package caption Info: rotating package is loaded.
)
(C:\Users\Hans\AppData\Local\Programs\MiKTeX\tex/latex/excludeonly\excludeonly.
sty
Package: excludeonly 2003/03/14 v1.0 eponymous command opposite to \includeonly

)
(C:\Users\Hans\AppData\Local\Programs\MiKTeX\tex/latex/microtype\microtype.sty
Package: microtype 2025/02/11 v3.2a Micro-typographical refinements (RS)
\MT@toks=\toks35
\MT@tempbox=\box115
\MT@count=\count363
LaTeX Info: Redefining \noprotrusionifhmode on input line 1087.
LaTeX Info: Redefining \leftprotrusion on input line 1088.
\MT@prot@toks=\toks36
LaTeX Info: Redefining \rightprotrusion on input line 1107.
LaTeX Info: Redefining \textls on input line 1449.
\MT@outer@kern=\dimen283
LaTeX Info: Redefining \microtypecontext on input line 2053.
LaTeX Info: Redefining \textmicrotypecontext on input line 2070.
\MT@listname@count=\count364

(C:\Users\Hans\AppData\Local\Programs\MiKTeX\tex/latex/microtype\microtype-pdft
ex.def
File: microtype-pdftex.def 2025/02/11 v3.2a Definitions specific to pdftex (RS)

LaTeX Info: Redefining \lsstyle on input line 944.
LaTeX Info: Redefining \lslig on input line 944.
\MT@outer@space=\skip265
)
Package microtype Info: Loading configuration file microtype.cfg.

(C:\Users\Hans\AppData\Local\Programs\MiKTeX\tex/latex/microtype\microtype.cfg
File: microtype.cfg 2025/02/11 v3.2a microtype main configuration file (RS)
)
LaTeX Info: Redefining \microtypesetup on input line 3065.
)
(C:\Users\Hans\AppData\Local\Programs\MiKTeX\tex/latex/blindtext\blindtext.sty
Package: blindtext 2012/01/06 V2.0 blindtext-Package

(C:\Users\Hans\AppData\Local\Programs\MiKTeX\tex/latex/tools\xspace.sty
Package: xspace 2014/10/28 v1.13 Space after command names (DPC,MH)
)
\c@blindtext=\count365
\c@Blindtext=\count366
\c@blind@countparstart=\count367
\blind@countxx=\count368
\blindtext@numBlindtext=\count369
\blind@countyy=\count370
\c@blindlist=\count371
\c@blindlistlevel=\count372
\c@blindlist@level=\count373
\blind@listitem=\count374
\c@blind@listcount=\count375
\c@blind@levelcount=\count376
\blind@mathformula=\count377
\blind@Mathformula=\count378
\c@blind@randomcount=\count379
\c@blind@randommax=\count380
\c@blind@pangramcount=\count381
\c@blind@pangrammax=\count382
)
(C:\Users\Hans\AppData\Local\Programs\MiKTeX\tex/latex/lipsum\lipsum.sty
(C:\Users\Hans\AppData\Local\Programs\MiKTeX\tex/latex/l3packages/l3keys2e\l3ke
ys2e.sty
Package: l3keys2e 2024-08-16 LaTeX2e option processing using LaTeX3 keys
)
Package: lipsum 2021-09-20 v2.7 150 paragraphs of Lorem Ipsum dummy text
\g__lipsum_par_int=\count383
\l__lipsum_a_int=\count384
\l__lipsum_b_int=\count385

(C:\Users\Hans\AppData\Local\Programs\MiKTeX\tex/latex/lipsum\lipsum.ltd.tex))
(C:\Users\Hans\AppData\Local\Programs\MiKTeX\tex/latex/datetime\datetime.sty
Package: datetime 2015/03/20 v2.60 Date Time Package

(C:\Users\Hans\AppData\Local\Programs\MiKTeX\tex/latex/fmtcount\fmtcount.sty
Package: fmtcount 2025/02/09 v3.10 Displaying the values of LaTeX counters (NT,
VB,NE)

(C:\Users\Hans\AppData\Local\Programs\MiKTeX\tex/latex/xkeyval\xkeyval.sty
Package: xkeyval 2022/06/16 v2.9 package option processing (HA)

(C:\Users\Hans\AppData\Local\Programs\MiKTeX\tex/generic/xkeyval\xkeyval.tex
(C:\Users\Hans\AppData\Local\Programs\MiKTeX\tex/generic/xkeyval\xkvutils.tex
\XKV@toks=\toks37
\XKV@tempa@toks=\toks38
)
\XKV@depth=\count386
File: xkeyval.tex 2014/12/03 v2.7a key=value parser (HA)
)) (C:\Users\Hans\AppData\Local\Programs\MiKTeX\tex/latex/fmtcount\fcprefix.sty
Package: fcprefix 2012/09/28

(C:\Users\Hans\AppData\Local\Programs\MiKTeX\tex/latex/fmtcount\fcnumparser.sty
Package: fcnumparser 2017/06/15
\fc@digit@counter=\count387
))
\c@padzeroesN=\count388
\fc@tmpcatcode=\count389
\@DT@modctr=\count390
\@ordinalctr=\count391
\@orgargctr=\count392
\@strctr=\count393
\@tmpstrctr=\count394
\@DT@loopN=\count395
\@DT@X=\count396


Package fmtcount Warning: \ordinal already defined use \FCordinal instead. on i
nput line 438.

)
(C:\Users\Hans\AppData\Local\Programs\MiKTeX\tex/latex/datetime\datetime-defaul
ts.sty
Package: datetime-defaults 2013/09/10
)
\@day=\count397
\@month=\count398
\@year=\count399
\c@HOUR=\count400
\c@HOURXII=\count401
\c@MINUTE=\count402
\c@TOHOUR=\count403
\c@TOMINUTE=\count404
\c@SECOND=\count405
\currenthour=\count406
\currentminute=\count407
\currentsecond=\count408
Package datetime Info: No datetime.cfg file found, using default settings on in
put line 308.
\@dtctr=\count409
\dayofyear=\count410
\dayofweek=\count411
LaTeX Info: Redefining \today on input line 736.
\dt@a=\toks39
\dt@b=\toks40
)
(C:\Users\Hans\AppData\Local\Programs\MiKTeX\tex/latex/comment\comment.sty
\CommentStream=\write4

Excluding comment 'comment')
(C:\Users\Hans\AppData\Local\Programs\MiKTeX\tex/latex/notoccite\notoccite.sty
Package: notoccite 2000/07/20
) (C:\Users\Hans\AppData\Local\Programs\MiKTeX\tex/latex/graphics\color.sty
Package: color 2024/06/23 v1.3e Standard LaTeX Color (DPC)

(C:\Users\Hans\AppData\Local\Programs\MiKTeX\tex/latex/graphics-cfg\color.cfg
File: color.cfg 2016/01/02 v1.6 sample color configuration
)
Package color Info: Driver file: pdftex.def on input line 149.

(C:\Users\Hans\AppData\Local\Programs\MiKTeX\tex/latex/graphics\mathcolor.ltx))
(C:\Users\Hans\AppData\Local\Programs\MiKTeX\tex/latex/xcolor\xcolor.sty
Package: xcolor 2024/09/29 v3.02 LaTeX color extensions (UK)

(C:\Users\Hans\AppData\Local\Programs\MiKTeX\tex/latex/graphics-cfg\color.cfg
File: color.cfg 2016/01/02 v1.6 sample color configuration
)
Package xcolor Info: Driver file: pdftex.def on input line 274.
LaTeX Info: Redefining \color on input line 762.

(C:\Users\Hans\AppData\Local\Programs\MiKTeX\tex/latex/graphics\mathcolor.ltx)
Package xcolor Info: Model `cmy' substituted by `cmy0' on input line 1349.
Package xcolor Info: Model `hsb' substituted by `rgb' on input line 1353.
Package xcolor Info: Model `RGB' extended on input line 1365.
Package xcolor Info: Model `HTML' substituted by `rgb' on input line 1367.
Package xcolor Info: Model `Hsb' substituted by `hsb' on input line 1368.
Package xcolor Info: Model `tHsb' substituted by `hsb' on input line 1369.
Package xcolor Info: Model `HSB' substituted by `hsb' on input line 1370.
Package xcolor Info: Model `Gray' substituted by `gray' on input line 1371.
Package xcolor Info: Model `wave' substituted by `hsb' on input line 1372.
) (C:\Users\Hans\AppData\Local\Programs\MiKTeX\tex/latex/titlesec\titletoc.sty
Package: titletoc 2025/01/04 v2.17 TOC entries
\ttl@leftsep=\dimen284
)
(C:\Users\Hans\AppData\Local\Programs\MiKTeX\tex/latex/hyperref\hyperref.sty
Package: hyperref 2024-11-05 v7.01l Hypertext links for LaTeX

(C:\Users\Hans\AppData\Local\Programs\MiKTeX\tex/generic/kvdefinekeys\kvdefinek
eys.sty
Package: kvdefinekeys 2019-12-19 v1.6 Define keys (HO)
)
(C:\Users\Hans\AppData\Local\Programs\MiKTeX\tex/generic/pdfescape\pdfescape.st
y
Package: pdfescape 2019/12/09 v1.15 Implements pdfTeX's escape features (HO)

(C:\Users\Hans\AppData\Local\Programs\MiKTeX\tex/generic/pdftexcmds\pdftexcmds.
sty
Package: pdftexcmds 2020-06-27 v0.33 Utility functions of pdfTeX for LuaTeX (HO
)
Package pdftexcmds Info: \pdf@primitive is available.
Package pdftexcmds Info: \pdf@ifprimitive is available.
Package pdftexcmds Info: \pdfdraftmode found.
))
(C:\Users\Hans\AppData\Local\Programs\MiKTeX\tex/latex/hycolor\hycolor.sty
Package: hycolor 2020-01-27 v1.10 Color options for hyperref/bookmark (HO)
)
(C:\Users\Hans\AppData\Local\Programs\MiKTeX\tex/generic/stringenc\stringenc.st
y
Package: stringenc 2019/11/29 v1.12 Convert strings between diff. encodings (HO
)
)
\@linkdim=\dimen285
\Hy@linkcounter=\count412
\Hy@pagecounter=\count413
 (C:\Users\Hans\AppData\Local\Programs\MiKTeX\tex/latex/hyperref\pd1enc.def
File: pd1enc.def 2024-11-05 v7.01l Hyperref: PDFDocEncoding definition (HO)
Now handling font encoding PD1 ...
... no UTF-8 mapping file for font encoding PD1
)
(C:\Users\Hans\AppData\Local\Programs\MiKTeX\tex/generic/intcalc\intcalc.sty
Package: intcalc 2019/12/15 v1.3 Expandable calculations with integers (HO)
)
\Hy@SavedSpaceFactor=\count414

(C:\Users\Hans\AppData\Local\Programs\MiKTeX\tex/latex/hyperref\puenc.def
File: puenc.def 2024-11-05 v7.01l Hyperref: PDF Unicode definition (HO)
Now handling font encoding PU ...
... no UTF-8 mapping file for font encoding PU
)
Package hyperref Info: Option `final' set `true' on input line 4040.
Package hyperref Info: Hyper figures OFF on input line 4157.
Package hyperref Info: Link nesting OFF on input line 4162.
Package hyperref Info: Hyper index ON on input line 4165.
Package hyperref Info: Plain pages OFF on input line 4172.
Package hyperref Info: Backreferencing OFF on input line 4177.
Package hyperref Info: Implicit mode ON; LaTeX internals redefined.
Package hyperref Info: Bookmarks ON on input line 4424.
\c@Hy@tempcnt=\count415

(C:\Users\Hans\AppData\Local\Programs\MiKTeX\tex/latex/url\url.sty
\Urlmuskip=\muskip18
Package: url 2013/09/16  ver 3.4  Verb mode for urls, etc.
)
LaTeX Info: Redefining \url on input line 4763.
\XeTeXLinkMargin=\dimen286

(C:\Users\Hans\AppData\Local\Programs\MiKTeX\tex/generic/bitset\bitset.sty
Package: bitset 2019/12/09 v1.3 Handle bit-vector datatype (HO)

(C:\Users\Hans\AppData\Local\Programs\MiKTeX\tex/generic/bigintcalc\bigintcalc.
sty
Package: bigintcalc 2019/12/15 v1.5 Expandable calculations on big integers (HO
)
))
\Fld@menulength=\count416
\Field@Width=\dimen287
\Fld@charsize=\dimen288
Package hyperref Info: Hyper figures OFF on input line 6042.
Package hyperref Info: Link nesting OFF on input line 6047.
Package hyperref Info: Hyper index ON on input line 6050.
Package hyperref Info: backreferencing OFF on input line 6057.
Package hyperref Info: Link coloring OFF on input line 6062.
Package hyperref Info: Link coloring with OCG OFF on input line 6067.
Package hyperref Info: PDF/A mode OFF on input line 6072.

(C:\Users\Hans\AppData\Local\Programs\MiKTeX\tex/latex/base\atbegshi-ltx.sty
Package: atbegshi-ltx 2021/01/10 v1.0c Emulation of the original atbegshi
package with kernel methods
)
\Hy@abspage=\count417
\c@Item=\count418
\c@Hfootnote=\count419
)
Package hyperref Info: Driver (autodetected): hpdftex.

(C:\Users\Hans\AppData\Local\Programs\MiKTeX\tex/latex/hyperref\hpdftex.def
File: hpdftex.def 2024-11-05 v7.01l Hyperref driver for pdfTeX

(C:\Users\Hans\AppData\Local\Programs\MiKTeX\tex/latex/base\atveryend-ltx.sty
Package: atveryend-ltx 2020/08/19 v1.0a Emulation of the original atveryend pac
kage
with kernel methods
)
\Fld@listcount=\count420
\c@bookmark@seq@number=\count421

(C:\Users\Hans\AppData\Local\Programs\MiKTeX\tex/latex/rerunfilecheck\rerunfile
check.sty
Package: rerunfilecheck 2022-07-10 v1.10 Rerun checks for auxiliary files (HO)

(C:\Users\Hans\AppData\Local\Programs\MiKTeX\tex/generic/uniquecounter\uniqueco
unter.sty
Package: uniquecounter 2019/12/15 v1.4 Provide unlimited unique counter (HO)
)
Package uniquecounter Info: New unique counter `rerunfilecheck' on input line 2
85.
)
\Hy@SectionHShift=\skip266
)
(C:\Users\Hans\AppData\Local\Programs\MiKTeX\tex/latex/memoir\memhfixc.sty
Package: memhfixc 2023/09/10 v1.22 hyperref package fixes for memoir class
\c@memhycontfloat=\count422
\c@Hpagenote=\count423


LaTeX Warning: Command `\theHpagenote' already defined -- not changed on input 
line 315.

) (C:\Users\Hans\AppData\Local\Programs\MiKTeX\tex/latex/pdfpages\pdfpages.sty
Package: pdfpages 2025/01/30 v0.6e Insert pages of external PDF documents (AM)

(C:\Users\Hans\AppData\Local\Programs\MiKTeX\tex/latex/tools\calc.sty
Package: calc 2023/07/08 v4.3 Infix arithmetic (KKT,FJ)
\calc@Acount=\count424
\calc@Bcount=\count425
\calc@Adimen=\dimen289
\calc@Bdimen=\dimen290
\calc@Askip=\skip267
\calc@Bskip=\skip268
LaTeX Info: Redefining \setlength on input line 80.
LaTeX Info: Redefining \addtolength on input line 81.
\calc@Ccount=\count426
\calc@Cskip=\skip269
)
(C:\Users\Hans\AppData\Local\Programs\MiKTeX\tex/latex/eso-pic\eso-pic.sty
Package: eso-pic 2023/05/03 v3.0c eso-pic (RN)
\ESO@tempdima=\dimen291
\ESO@tempdimb=\dimen292
)
\AM@pagewidth=\dimen293
\AM@pageheight=\dimen294
\AM@fboxrule=\dimen295

(C:\Users\Hans\AppData\Local\Programs\MiKTeX\tex/latex/pdfpages\pppdftex.def
File: pppdftex.def 2025/01/30 v0.6e Pdfpages driver for pdfTeX (AM)
)
\pdfpages@includegraphics@status=\count427
\AM@pagebox=\box116
\AM@global@opts=\toks41
\AM@pagecnt=\count428
\AM@toc@title=\toks42
\AM@lof@heading=\toks43
\c@AM@survey=\count429
\AM@templatesizebox=\box117
)
(C:\Users\Hans\AppData\Local\Programs\MiKTeX\tex/generic/soul\soul.sty
Package: soul 2023-06-14 v3.1 Permit use of UTF-8 characters in soul (HO)

(C:\Users\Hans\AppData\Local\Programs\MiKTeX\tex/generic/soul\soul-ori.sty
Package: soul-ori 2023-06-14 v3.1 letterspacing/underlining (mf)
\SOUL@word=\toks44
\SOUL@lasttoken=\toks45
\SOUL@syllable=\toks46
\SOUL@cmds=\toks47
\SOUL@buffer=\toks48
\SOUL@token=\toks49
\SOUL@syllgoal=\dimen296
\SOUL@syllwidth=\dimen297
\SOUL@charkern=\dimen298
\SOUL@hyphkern=\dimen299
\SOUL@dimen=\dimen300
\SOUL@dimeni=\dimen301
\SOUL@minus=\count430
\SOUL@comma=\count431
\SOUL@apo=\count432
\SOUL@grave=\count433
\SOUL@spaceskip=\skip270
\SOUL@ttwidth=\dimen302
\SOUL@uldp=\dimen303
\SOUL@ulht=\dimen304
)
(C:\Users\Hans\AppData\Local\Programs\MiKTeX\tex/generic/etexcmds\etexcmds.sty
Package: etexcmds 2019/12/15 v1.7 Avoid name clashes with e-TeX commands (HO)
))
(C:\Users\Hans\AppData\Local\Programs\MiKTeX\tex/latex/clipboard\clipboard.sty
Package: clipboard 2016/05/18 v0.3 Copy and paste into and across documents
\clipboard@fileout=\write5
)
(C:\Users\Hans\AppData\Local\Programs\MiKTeX\tex/latex/algorithms\algorithmic.s
ty
Package: algorithmic 2009/08/24 v0.1 Document Style `algorithmic'
\c@ALC@unique=\count434
\c@ALC@line=\count435
\c@ALC@rem=\count436
\c@ALC@depth=\count437
\ALC@tlm=\skip271
\algorithmicindent=\skip272
)
(C:\Users\Hans\AppData\Local\Programs\MiKTeX\tex/latex/pgf/frontendlayer\tikz.s
ty
(C:\Users\Hans\AppData\Local\Programs\MiKTeX\tex/latex/pgf/basiclayer\pgf.sty
(C:\Users\Hans\AppData\Local\Programs\MiKTeX\tex/latex/pgf/utilities\pgfrcs.sty

(C:\Users\Hans\AppData\Local\Programs\MiKTeX\tex/generic/pgf/utilities\pgfutil-
common.tex
\pgfutil@everybye=\toks50
\pgfutil@tempdima=\dimen305
\pgfutil@tempdimb=\dimen306
)
(C:\Users\Hans\AppData\Local\Programs\MiKTeX\tex/generic/pgf/utilities\pgfutil-
latex.def
\pgfutil@abb=\box118
)
(C:\Users\Hans\AppData\Local\Programs\MiKTeX\tex/generic/pgf/utilities\pgfrcs.c
ode.tex
(C:\Users\Hans\AppData\Local\Programs\MiKTeX\tex/generic/pgf\pgf.revision.tex)
Package: pgfrcs 2023-01-15 v3.1.10 (3.1.10)
))
Package: pgf 2023-01-15 v3.1.10 (3.1.10)

(C:\Users\Hans\AppData\Local\Programs\MiKTeX\tex/latex/pgf/basiclayer\pgfcore.s
ty
(C:\Users\Hans\AppData\Local\Programs\MiKTeX\tex/latex/pgf/systemlayer\pgfsys.s
ty
(C:\Users\Hans\AppData\Local\Programs\MiKTeX\tex/generic/pgf/systemlayer\pgfsys
.code.tex
Package: pgfsys 2023-01-15 v3.1.10 (3.1.10)

(C:\Users\Hans\AppData\Local\Programs\MiKTeX\tex/generic/pgf/utilities\pgfkeys.
code.tex
\pgfkeys@pathtoks=\toks51
\pgfkeys@temptoks=\toks52

(C:\Users\Hans\AppData\Local\Programs\MiKTeX\tex/generic/pgf/utilities\pgfkeysl
ibraryfiltered.code.tex
\pgfkeys@tmptoks=\toks53
))
\pgf@x=\dimen307
\pgf@y=\dimen308
\pgf@xa=\dimen309
\pgf@ya=\dimen310
\pgf@xb=\dimen311
\pgf@yb=\dimen312
\pgf@xc=\dimen313
\pgf@yc=\dimen314
\pgf@xd=\dimen315
\pgf@yd=\dimen316
\w@pgf@writea=\write6
\r@pgf@reada=\read3
\c@pgf@counta=\count438
\c@pgf@countb=\count439
\c@pgf@countc=\count440
\c@pgf@countd=\count441
\t@pgf@toka=\toks54
\t@pgf@tokb=\toks55
\t@pgf@tokc=\toks56
\pgf@sys@id@count=\count442

(C:\Users\Hans\AppData\Local\Programs\MiKTeX\tex/generic/pgf/systemlayer\pgf.cf
g
File: pgf.cfg 2023-01-15 v3.1.10 (3.1.10)
)
Driver file for pgf: pgfsys-pdftex.def

(C:\Users\Hans\AppData\Local\Programs\MiKTeX\tex/generic/pgf/systemlayer\pgfsys
-pdftex.def
File: pgfsys-pdftex.def 2023-01-15 v3.1.10 (3.1.10)

(C:\Users\Hans\AppData\Local\Programs\MiKTeX\tex/generic/pgf/systemlayer\pgfsys
-common-pdf.def
File: pgfsys-common-pdf.def 2023-01-15 v3.1.10 (3.1.10)
)))
(C:\Users\Hans\AppData\Local\Programs\MiKTeX\tex/generic/pgf/systemlayer\pgfsys
softpath.code.tex
File: pgfsyssoftpath.code.tex 2023-01-15 v3.1.10 (3.1.10)
\pgfsyssoftpath@smallbuffer@items=\count443
\pgfsyssoftpath@bigbuffer@items=\count444
)
(C:\Users\Hans\AppData\Local\Programs\MiKTeX\tex/generic/pgf/systemlayer\pgfsys
protocol.code.tex
File: pgfsysprotocol.code.tex 2023-01-15 v3.1.10 (3.1.10)
))
(C:\Users\Hans\AppData\Local\Programs\MiKTeX\tex/generic/pgf/basiclayer\pgfcore
.code.tex
Package: pgfcore 2023-01-15 v3.1.10 (3.1.10)

(C:\Users\Hans\AppData\Local\Programs\MiKTeX\tex/generic/pgf/math\pgfmath.code.
tex
(C:\Users\Hans\AppData\Local\Programs\MiKTeX\tex/generic/pgf/math\pgfmathutil.c
ode.tex)
(C:\Users\Hans\AppData\Local\Programs\MiKTeX\tex/generic/pgf/math\pgfmathparser
.code.tex
\pgfmath@dimen=\dimen317
\pgfmath@count=\count445
\pgfmath@box=\box119
\pgfmath@toks=\toks57
\pgfmath@stack@operand=\toks58
\pgfmath@stack@operation=\toks59
)
(C:\Users\Hans\AppData\Local\Programs\MiKTeX\tex/generic/pgf/math\pgfmathfuncti
ons.code.tex)
(C:\Users\Hans\AppData\Local\Programs\MiKTeX\tex/generic/pgf/math\pgfmathfuncti
ons.basic.code.tex)
(C:\Users\Hans\AppData\Local\Programs\MiKTeX\tex/generic/pgf/math\pgfmathfuncti
ons.trigonometric.code.tex)
(C:\Users\Hans\AppData\Local\Programs\MiKTeX\tex/generic/pgf/math\pgfmathfuncti
ons.random.code.tex)
(C:\Users\Hans\AppData\Local\Programs\MiKTeX\tex/generic/pgf/math\pgfmathfuncti
ons.comparison.code.tex)
(C:\Users\Hans\AppData\Local\Programs\MiKTeX\tex/generic/pgf/math\pgfmathfuncti
ons.base.code.tex)
(C:\Users\Hans\AppData\Local\Programs\MiKTeX\tex/generic/pgf/math\pgfmathfuncti
ons.round.code.tex)
(C:\Users\Hans\AppData\Local\Programs\MiKTeX\tex/generic/pgf/math\pgfmathfuncti
ons.misc.code.tex)
(C:\Users\Hans\AppData\Local\Programs\MiKTeX\tex/generic/pgf/math\pgfmathfuncti
ons.integerarithmetics.code.tex)
(C:\Users\Hans\AppData\Local\Programs\MiKTeX\tex/generic/pgf/math\pgfmathcalc.c
ode.tex)
(C:\Users\Hans\AppData\Local\Programs\MiKTeX\tex/generic/pgf/math\pgfmathfloat.
code.tex
\c@pgfmathroundto@lastzeros=\count446
))
(C:\Users\Hans\AppData\Local\Programs\MiKTeX\tex/generic/pgf/math\pgfint.code.t
ex)
(C:\Users\Hans\AppData\Local\Programs\MiKTeX\tex/generic/pgf/basiclayer\pgfcore
points.code.tex
File: pgfcorepoints.code.tex 2023-01-15 v3.1.10 (3.1.10)
\pgf@picminx=\dimen318
\pgf@picmaxx=\dimen319
\pgf@picminy=\dimen320
\pgf@picmaxy=\dimen321
\pgf@pathminx=\dimen322
\pgf@pathmaxx=\dimen323
\pgf@pathminy=\dimen324
\pgf@pathmaxy=\dimen325
\pgf@xx=\dimen326
\pgf@xy=\dimen327
\pgf@yx=\dimen328
\pgf@yy=\dimen329
\pgf@zx=\dimen330
\pgf@zy=\dimen331
)
(C:\Users\Hans\AppData\Local\Programs\MiKTeX\tex/generic/pgf/basiclayer\pgfcore
pathconstruct.code.tex
File: pgfcorepathconstruct.code.tex 2023-01-15 v3.1.10 (3.1.10)
\pgf@path@lastx=\dimen332
\pgf@path@lasty=\dimen333
)
(C:\Users\Hans\AppData\Local\Programs\MiKTeX\tex/generic/pgf/basiclayer\pgfcore
pathusage.code.tex
File: pgfcorepathusage.code.tex 2023-01-15 v3.1.10 (3.1.10)
\pgf@shorten@end@additional=\dimen334
\pgf@shorten@start@additional=\dimen335
)
(C:\Users\Hans\AppData\Local\Programs\MiKTeX\tex/generic/pgf/basiclayer\pgfcore
scopes.code.tex
File: pgfcorescopes.code.tex 2023-01-15 v3.1.10 (3.1.10)
\pgfpic=\box120
\pgf@hbox=\box121
\pgf@layerbox@main=\box122
\pgf@picture@serial@count=\count447
)
(C:\Users\Hans\AppData\Local\Programs\MiKTeX\tex/generic/pgf/basiclayer\pgfcore
graphicstate.code.tex
File: pgfcoregraphicstate.code.tex 2023-01-15 v3.1.10 (3.1.10)
\pgflinewidth=\dimen336
)
(C:\Users\Hans\AppData\Local\Programs\MiKTeX\tex/generic/pgf/basiclayer\pgfcore
transformations.code.tex
File: pgfcoretransformations.code.tex 2023-01-15 v3.1.10 (3.1.10)
\pgf@pt@x=\dimen337
\pgf@pt@y=\dimen338
\pgf@pt@temp=\dimen339
)
(C:\Users\Hans\AppData\Local\Programs\MiKTeX\tex/generic/pgf/basiclayer\pgfcore
quick.code.tex
File: pgfcorequick.code.tex 2023-01-15 v3.1.10 (3.1.10)
)
(C:\Users\Hans\AppData\Local\Programs\MiKTeX\tex/generic/pgf/basiclayer\pgfcore
objects.code.tex
File: pgfcoreobjects.code.tex 2023-01-15 v3.1.10 (3.1.10)
)
(C:\Users\Hans\AppData\Local\Programs\MiKTeX\tex/generic/pgf/basiclayer\pgfcore
pathprocessing.code.tex
File: pgfcorepathprocessing.code.tex 2023-01-15 v3.1.10 (3.1.10)
)
(C:\Users\Hans\AppData\Local\Programs\MiKTeX\tex/generic/pgf/basiclayer\pgfcore
arrows.code.tex
File: pgfcorearrows.code.tex 2023-01-15 v3.1.10 (3.1.10)
\pgfarrowsep=\dimen340
)
(C:\Users\Hans\AppData\Local\Programs\MiKTeX\tex/generic/pgf/basiclayer\pgfcore
shade.code.tex
File: pgfcoreshade.code.tex 2023-01-15 v3.1.10 (3.1.10)
\pgf@max=\dimen341
\pgf@sys@shading@range@num=\count448
\pgf@shadingcount=\count449
)
(C:\Users\Hans\AppData\Local\Programs\MiKTeX\tex/generic/pgf/basiclayer\pgfcore
image.code.tex
File: pgfcoreimage.code.tex 2023-01-15 v3.1.10 (3.1.10)
)
(C:\Users\Hans\AppData\Local\Programs\MiKTeX\tex/generic/pgf/basiclayer\pgfcore
external.code.tex
File: pgfcoreexternal.code.tex 2023-01-15 v3.1.10 (3.1.10)
\pgfexternal@startupbox=\box123
)
(C:\Users\Hans\AppData\Local\Programs\MiKTeX\tex/generic/pgf/basiclayer\pgfcore
layers.code.tex
File: pgfcorelayers.code.tex 2023-01-15 v3.1.10 (3.1.10)
)
(C:\Users\Hans\AppData\Local\Programs\MiKTeX\tex/generic/pgf/basiclayer\pgfcore
transparency.code.tex
File: pgfcoretransparency.code.tex 2023-01-15 v3.1.10 (3.1.10)
)
(C:\Users\Hans\AppData\Local\Programs\MiKTeX\tex/generic/pgf/basiclayer\pgfcore
patterns.code.tex
File: pgfcorepatterns.code.tex 2023-01-15 v3.1.10 (3.1.10)
)
(C:\Users\Hans\AppData\Local\Programs\MiKTeX\tex/generic/pgf/basiclayer\pgfcore
rdf.code.tex
File: pgfcorerdf.code.tex 2023-01-15 v3.1.10 (3.1.10)
)))
(C:\Users\Hans\AppData\Local\Programs\MiKTeX\tex/generic/pgf/modules\pgfmodules
hapes.code.tex
File: pgfmoduleshapes.code.tex 2023-01-15 v3.1.10 (3.1.10)
\pgfnodeparttextbox=\box124
)
(C:\Users\Hans\AppData\Local\Programs\MiKTeX\tex/generic/pgf/modules\pgfmodulep
lot.code.tex
File: pgfmoduleplot.code.tex 2023-01-15 v3.1.10 (3.1.10)
)
(C:\Users\Hans\AppData\Local\Programs\MiKTeX\tex/latex/pgf/compatibility\pgfcom
p-version-0-65.sty
Package: pgfcomp-version-0-65 2023-01-15 v3.1.10 (3.1.10)
\pgf@nodesepstart=\dimen342
\pgf@nodesepend=\dimen343
)
(C:\Users\Hans\AppData\Local\Programs\MiKTeX\tex/latex/pgf/compatibility\pgfcom
p-version-1-18.sty
Package: pgfcomp-version-1-18 2023-01-15 v3.1.10 (3.1.10)
))
(C:\Users\Hans\AppData\Local\Programs\MiKTeX\tex/latex/pgf/utilities\pgffor.sty

(C:\Users\Hans\AppData\Local\Programs\MiKTeX\tex/latex/pgf/utilities\pgfkeys.st
y
(C:\Users\Hans\AppData\Local\Programs\MiKTeX\tex/generic/pgf/utilities\pgfkeys.
code.tex))
(C:\Users\Hans\AppData\Local\Programs\MiKTeX\tex/latex/pgf/math\pgfmath.sty
(C:\Users\Hans\AppData\Local\Programs\MiKTeX\tex/generic/pgf/math\pgfmath.code.
tex))
(C:\Users\Hans\AppData\Local\Programs\MiKTeX\tex/generic/pgf/utilities\pgffor.c
ode.tex
Package: pgffor 2023-01-15 v3.1.10 (3.1.10)
\pgffor@iter=\dimen344
\pgffor@skip=\dimen345
\pgffor@stack=\toks60
\pgffor@toks=\toks61
))
(C:\Users\Hans\AppData\Local\Programs\MiKTeX\tex/generic/pgf/frontendlayer/tikz
\tikz.code.tex
Package: tikz 2023-01-15 v3.1.10 (3.1.10)

(C:\Users\Hans\AppData\Local\Programs\MiKTeX\tex/generic/pgf/libraries\pgflibra
ryplothandlers.code.tex
File: pgflibraryplothandlers.code.tex 2023-01-15 v3.1.10 (3.1.10)
\pgf@plot@mark@count=\count450
\pgfplotmarksize=\dimen346
)
\tikz@lastx=\dimen347
\tikz@lasty=\dimen348
\tikz@lastxsaved=\dimen349
\tikz@lastysaved=\dimen350
\tikz@lastmovetox=\dimen351
\tikz@lastmovetoy=\dimen352
\tikzleveldistance=\dimen353
\tikzsiblingdistance=\dimen354
\tikz@figbox=\box125
\tikz@figbox@bg=\box126
\tikz@tempbox=\box127
\tikz@tempbox@bg=\box128
\tikztreelevel=\count451
\tikznumberofchildren=\count452
\tikznumberofcurrentchild=\count453
\tikz@fig@count=\count454

(C:\Users\Hans\AppData\Local\Programs\MiKTeX\tex/generic/pgf/modules\pgfmodulem
atrix.code.tex
File: pgfmodulematrix.code.tex 2023-01-15 v3.1.10 (3.1.10)
\pgfmatrixcurrentrow=\count455
\pgfmatrixcurrentcolumn=\count456
\pgf@matrix@numberofcolumns=\count457
)
\tikz@expandcount=\count458

(C:\Users\Hans\AppData\Local\Programs\MiKTeX\tex/generic/pgf/frontendlayer/tikz
/libraries\tikzlibrarytopaths.code.tex
File: tikzlibrarytopaths.code.tex 2023-01-15 v3.1.10 (3.1.10)
)))
(C:\Users\Hans\AppData\Local\Programs\MiKTeX\tex/generic/alphalph\alphalph.sty
Package: alphalph 2019/12/09 v2.6 Convert numbers to letters (HO)
) (C:\Users\Hans\AppData\Local\Programs\MiKTeX\tex/latex/listings\listings.sty
\lst@mode=\count459
\lst@gtempboxa=\box129
\lst@token=\toks62
\lst@length=\count460
\lst@currlwidth=\dimen355
\lst@column=\count461
\lst@pos=\count462
\lst@lostspace=\dimen356
\lst@width=\dimen357
\lst@newlines=\count463
\lst@lineno=\count464
\lst@maxwidth=\dimen358

(C:\Users\Hans\AppData\Local\Programs\MiKTeX\tex/latex/listings\lstpatch.sty
File: lstpatch.sty 2024/09/23 1.10c (Carsten Heinz)
)
(C:\Users\Hans\AppData\Local\Programs\MiKTeX\tex/latex/listings\lstmisc.sty
File: lstmisc.sty 2024/09/23 1.10c (Carsten Heinz)
\c@lstnumber=\count465
\lst@skipnumbers=\count466
\lst@framebox=\box130
)
(C:\Users\Hans\AppData\Local\Programs\MiKTeX\tex/latex/listings\listings.cfg
File: listings.cfg 2024/09/23 1.10c listings configuration
))
Package: listings 2024/09/23 1.10c (Carsten Heinz)
\c@subfigure=\count467
\cftbeforesubfigureskip=\skip273
\cftsubfigureindent=\skip274
\cftsubfigurenumwidth=\skip275

(C:\Users\Hans\AppData\Local\Programs\MiKTeX\tex/latex/wallpaper\wallpaper.sty
Package: wallpaper 2005/01/18, v1.01 easy wallpaper formatting (MHFW)
\wpXoffset=\skip276
\wpYoffset=\skip277
\tileXoffset=\skip278
\tileYoffset=\skip279
\tilewidth=\skip280
\tileheight=\skip281
\tileX=\skip282
\tileY=\skip283
) (C:\Users\Hans\AppData\Local\Programs\MiKTeX\tex/latex/geometry\geometry.sty
Package: geometry 2020/01/02 v5.9 Page Geometry

(C:\Users\Hans\AppData\Local\Programs\MiKTeX\tex/generic/iftex\ifvtex.sty
Package: ifvtex 2019/10/25 v1.7 ifvtex legacy package. Use iftex instead.
)
\Gm@cnth=\count468
\Gm@cntv=\count469
\c@Gm@tempcnt=\count470
\Gm@bindingoffset=\dimen359
\Gm@wd@mp=\dimen360
\Gm@odd@mp=\dimen361
\Gm@even@mp=\dimen362
\Gm@layoutwidth=\dimen363
\Gm@layoutheight=\dimen364
\Gm@layouthoffset=\dimen365
\Gm@layoutvoffset=\dimen366
\Gm@dimlist=\toks63

(C:\Users\Hans\AppData\Local\Programs\MiKTeX\tex/latex/geometry\geometry.cfg)))
(format/postamble.ltx
(C:\Users\Hans\AppData\Local\Programs\MiKTeX\tex/latex/lineno\lineno.sty
Package: lineno 2025/01/29 line numbers on paragraphs v5.4
\linenopenalty=\count471
\output=\toks64
\linenoprevgraf=\count472
\linenumbersep=\dimen367
\linenumberwidth=\dimen368
\c@linenumber=\count473
\c@pagewiselinenumber=\count474
\c@LN@truepage=\count475
\c@internallinenumber=\count476
\c@internallinenumbers=\count477
\quotelinenumbersep=\dimen369
\bframerule=\dimen370
\bframesep=\dimen371
\bframebox=\box131
\@LN@amsmath@ams@eqpen=\count478
LaTeX Info: Redefining \\ on input line 3187.
)
\document@idxfile=\write7
\openout7 = `document.idx'.


Writing index file document.idx 
(C:\Users\Hans\AppData\Local\Programs\MiKTeX\tex/latex/datatool\datagidx.sty
Package: datagidx 2019/09/27 v2.32 (NLCT)

(C:\Users\Hans\AppData\Local\Programs\MiKTeX\tex/latex/datatool\datatool.sty
Package: datatool 2019/09/27 v2.32 (NLCT)

(C:\Users\Hans\AppData\Local\Programs\MiKTeX\tex/latex/xfor\xfor.sty
Package: xfor 2009/02/05 v1.05 (NLCT)
)
(C:\Users\Hans\AppData\Local\Programs\MiKTeX\tex/latex/substr\substr.sty
Package: substr 2009/10/20 v1.2 Handle substrings
\c@su@anzahl=\count479
)
(C:\Users\Hans\AppData\Local\Programs\MiKTeX\tex/latex/datatool\datatool-base.s
ty
Package: datatool-base 2019/09/27 v2.32 (NLCT)

(C:\Users\Hans\AppData\Local\Programs\MiKTeX\tex/latex/datatool\datatool-fp.sty
Package: datatool-fp 2019/09/27 v2.32 (NLCT)
(C:\Users\Hans\AppData\Local\Programs\MiKTeX\tex/latex/fp\fp.sty
Package: fp 1995/04/02

`Fixed Point Package', Version 0.8, April 2, 1995 (C) Michael Mehlich
(C:\Users\Hans\AppData\Local\Programs\MiKTeX\tex/latex/fp\defpattern.sty
Package: defpattern 1994/10/12
\actioncount=\count480
)
(C:\Users\Hans\AppData\Local\Programs\MiKTeX\tex/latex/fp\fp-basic.sty
Package: fp-basic 1996/05/13
\FP@xs=\count481
\FP@xia=\count482
\FP@xib=\count483
\FP@xfa=\count484
\FP@xfb=\count485
\FP@rega=\count486
\FP@regb=\count487
\FP@regs=\count488
\FP@times=\count489
)
(C:\Users\Hans\AppData\Local\Programs\MiKTeX\tex/latex/fp\fp-addons.sty
Package: fp-addons 1995/03/15
)
(C:\Users\Hans\AppData\Local\Programs\MiKTeX\tex/latex/fp\fp-snap.sty
Package: fp-snap 1995/04/05
)
(C:\Users\Hans\AppData\Local\Programs\MiKTeX\tex/latex/fp\fp-exp.sty
Package: fp-exp 1995/04/03
)
(C:\Users\Hans\AppData\Local\Programs\MiKTeX\tex/latex/fp\fp-trigo.sty
Package: fp-trigo 1995/04/14
)
(C:\Users\Hans\AppData\Local\Programs\MiKTeX\tex/latex/fp\fp-pas.sty
Package: fp-pas 1994/08/29
)
(C:\Users\Hans\AppData\Local\Programs\MiKTeX\tex/latex/fp\fp-random.sty
Package: fp-random 1995/02/23
\FPseed=\count490
)
(C:\Users\Hans\AppData\Local\Programs\MiKTeX\tex/latex/fp\fp-eqn.sty
Package: fp-eqn 1995/04/03
)
(C:\Users\Hans\AppData\Local\Programs\MiKTeX\tex/latex/fp\fp-upn.sty
Package: fp-upn 1996/10/21
)
(C:\Users\Hans\AppData\Local\Programs\MiKTeX\tex/latex/fp\fp-eval.sty
Package: fp-eval 1995/04/03
)))
\@dtl@toks=\toks65
\@dtl@tmpcount=\count491
\dtl@tmplength=\skip284
\dtl@sortresult=\count492
\@dtl@numgrpsepcount=\count493
\@dtl@datatype=\count494
\dtl@codeA=\count495
\dtl@codeB=\count496
\@dtl@foreach@level=\count497
)
\dtlcolumnnum=\count498
\dtlrownum=\count499
\@dtl@before=\toks66
\@dtl@after=\toks67
\@dtl@colhead=\toks68
\dtlcurrentrow=\toks69
\dtlbeforerow=\toks70
\dtlafterrow=\toks71
\dtlforeachlevel=\count500
\c@DTLrowi=\count501
\c@DTLrowii=\count502
\c@DTLrowiii=\count503
\c@DTLrow=\count504
\dtl@rowi=\count505
\dtl@rowii=\count506
\dtl@rowiii=\count507
\@dtl@curi=\toks72
\@dtl@previ=\toks73
\@dtl@nexti=\toks74
\@dtl@curii=\toks75
\@dtl@previi=\toks76
\@dtl@nextii=\toks77
\@dtl@curiii=\toks78
\@dtl@previii=\toks79
\@dtl@nextiii=\toks80
\@dtl@elements=\count508
\@dtl@list=\toks81
\@dtl@rowa=\toks82
\@dtl@rowb=\toks83
\@dtl@toksA=\toks84
\@dtl@toksB=\toks85
\@dtl@write=\write8
\@dtl@read=\read4
\dtl@entrycr=\count509
\dtl@omitlines=\count510
)
(C:\Users\Hans\AppData\Local\Programs\MiKTeX\tex/latex/mfirstuc\mfirstuc.sty
Package: mfirstuc 2022/10/14 v2.08 (NLCT)
\@glsmfirst=\toks86
\@glsmrest=\toks87
)
(C:\Users\Hans\AppData\Local\Programs\MiKTeX\tex/latex/tools\afterpage.sty
Package: afterpage 2023/07/04 v1.08 After-Page Package (DPC)
\AP@output=\toks88
\AP@partial=\box132
\AP@footins=\box133
)
\c@DTLgidxChildCount=\count511
\datagidxsymbolwidth=\skip285
\datagidxlocationwidth=\skip286
\dtldb@datagidx=\toks89
\dtlkeys@datagidx=\toks90
\dtlrows@datagidx=\count512
\dtlcols@datagidx=\count513
\datagidxindent=\skip287
\datagidxnamewidth=\skip288
\datagidxdescwidth=\skip289
\datagidx@anchorcount=\count514
\datagidx@count=\count515
\datagidx@level=\count516
)
\dtldb@abbreviation=\toks91
\dtlkeys@abbreviation=\toks92
\dtlrows@abbreviation=\count517
\dtlcols@abbreviation=\count518
\dtldb@notation=\toks93
\dtlkeys@notation=\toks94
\dtlrows@notation=\count519
\dtlcols@notation=\count520
\dtldb@glossary=\toks95
\dtlkeys@glossary=\toks96
\dtlrows@glossary=\count521
\dtlcols@glossary=\count522

(abbreviation.tex) (notation.tex) (glossary.tex)
Package hyperref Info: Option `breaklinks' set `true' on input line 58.
Package hyperref Info: Option `colorlinks' set `true' on input line 58.
Package hyperref Info: Option `bookmarksopen' set `true' on input line 58.
)
LaTeX Font Info:    Trying to load font information for OT1+ptm on input line 1
41.

(C:\Users\Hans\AppData\Local\Programs\MiKTeX\tex/latex/psnfss\ot1ptm.fd
File: ot1ptm.fd 2001/06/04 font definitions for OT1/ptm.
)
(document.aux (introduction.aux) (literature_review.aux)
(theoretical_considerations.aux) (design_considerations.aux) (methodology.aux)
(vita.aux))
\openout1 = `document.aux'.

LaTeX Font Info:    Checking defaults for OML/cmm/m/it on input line 141.
LaTeX Font Info:    ... okay on input line 141.
LaTeX Font Info:    Checking defaults for OMS/cmsy/m/n on input line 141.
LaTeX Font Info:    ... okay on input line 141.
LaTeX Font Info:    Checking defaults for OT1/cmr/m/n on input line 141.
LaTeX Font Info:    ... okay on input line 141.
LaTeX Font Info:    Checking defaults for T1/cmr/m/n on input line 141.
LaTeX Font Info:    ... okay on input line 141.
LaTeX Font Info:    Checking defaults for TS1/cmr/m/n on input line 141.
LaTeX Font Info:    ... okay on input line 141.
LaTeX Font Info:    Checking defaults for OMX/cmex/m/n on input line 141.
LaTeX Font Info:    ... okay on input line 141.
LaTeX Font Info:    Checking defaults for U/cmr/m/n on input line 141.
LaTeX Font Info:    ... okay on input line 141.
LaTeX Font Info:    Checking defaults for PD1/pdf/m/n on input line 141.
LaTeX Font Info:    ... okay on input line 141.
LaTeX Font Info:    Checking defaults for PU/pdf/m/n on input line 141.
LaTeX Font Info:    ... okay on input line 141.

(C:\Users\Hans\AppData\Local\Programs\MiKTeX\tex/context/base/mkii\supp-pdf.mki
i
[Loading MPS to PDF converter (version 2006.09.02).]
\scratchcounter=\count523
\scratchdimen=\dimen372
\scratchbox=\box134
\nofMPsegments=\count524
\nofMParguments=\count525
\everyMPshowfont=\toks97
\MPscratchCnt=\count526
\MPscratchDim=\dimen373
\MPnumerator=\count527
\makeMPintoPDFobject=\count528
\everyMPtoPDFconversion=\toks98
)
(C:\Users\Hans\AppData\Local\Programs\MiKTeX\tex/latex/epstopdf-pkg\epstopdf-ba
se.sty
Package: epstopdf-base 2020-01-24 v2.11 Base part for package epstopdf
Package epstopdf-base Info: Redefining graphics rule for `.eps' on input line 4
85.

(C:\Users\Hans\AppData\Local\Programs\MiKTeX\tex/latex/00miktex\epstopdf-sys.cf
g
File: epstopdf-sys.cfg 2021/03/18 v2.0 Configuration of epstopdf for MiKTeX
))
Package caption Info: Begin \AtBeginDocument code.
Package caption Info: hyperref package is loaded.
Package caption Info: listings package is loaded.
Package caption Info: End \AtBeginDocument code.
LaTeX Info: Redefining \microtypecontext on input line 141.
Package microtype Info: Applying patch `item' on input line 141.
Package microtype Info: Applying patch `toc' on input line 141.
Package microtype Info: Applying patch `eqnum' on input line 141.
Package microtype Info: Applying patch `footnote' on input line 141.
Package microtype Info: Applying patch `verbatim' on input line 141.
LaTeX Info: Redefining \microtypesetup on input line 141.
Package microtype Info: Generating PDF output.
Package microtype Info: Character protrusion enabled (level 2).
Package microtype Info: Using default protrusion set `alltext'.
Package microtype Info: Automatic font expansion enabled (level 2),
(microtype)             stretch: 20, shrink: 20, step: 1, non-selected.
Package microtype Info: Using default expansion set `alltext-nott'.
LaTeX Info: Redefining \showhyphens on input line 141.
Package microtype Info: No adjustment of tracking.
Package microtype Info: No adjustment of interword spacing.
Package microtype Info: No adjustment of character kerning.
 (C:\Users\Hans\AppData\Local\Programs\MiKTeX\tex/latex/microtype\mt-ptm.cfg
File: mt-ptm.cfg 2006/04/20 v1.7 microtype config. file: Times (RS)
)
(C:\Users\Hans\AppData\Local\Programs\MiKTeX\tex/latex/fmtcount\fc-english.def
File: fc-english.def 2016/01/12
)
Package hyperref Info: Link coloring ON on input line 141.
(document.out) (document.out)
\@outlinefile=\write9
\openout9 = `document.out'.

\c@lstlisting=\count529

*geometry* driver: auto-detecting
*geometry* detected driver: pdftex
*geometry* verbose mode - [ preamble ] result:
* driver: pdftex
* paper: letterpaper
* layout: <same size as paper>
* layoutoffset:(h,v)=(0.0pt,0.0pt)
* modes: 
* h-part:(L,W,R)=(102.42992pt, 429.3521pt, 82.51299pt)
* v-part:(T,H,B)=(139.4185pt, 573.0385pt, 82.51299pt)
* \paperwidth=614.295pt
* \paperheight=794.96999pt
* \textwidth=429.3521pt
* \textheight=573.0385pt
* \oddsidemargin=30.15993pt
* \evensidemargin=30.15993pt
* \topmargin=-18.48337pt
* \headheight=14.5pt
* \headsep=71.13188pt
* \topskip=12.0pt
* \footskip=30.0pt
* \marginparwidth=50.0pt
* \marginparsep=7.0pt
* \columnsep=10.0pt
* \skip\footins=12.0pt plus 4.0pt minus 4.0pt
* \hoffset=0.0pt
* \voffset=0.0pt
* \mag=1000
* \@twocolumnfalse
* \@twosidefalse
* \@mparswitchfalse
* \@reversemarginfalse
* (1in=72.27pt=25.4mm, 1cm=28.453pt)

(format/pre_toc.ltx (format/titlep.ltx
<figure/../format/DLSU_Logo.png, id=198, 158.994pt x 158.994pt>
File: figure/../format/DLSU_Logo.png Graphic file (type png)
<use figure/../format/DLSU_Logo.png>
Package pdftex.def Info: figure/../format/DLSU_Logo.png  used on input line 7.
(pdftex.def)             Requested size: 60.10902pt x 60.1078pt.
LaTeX Font Info:    Trying to load font information for OT1+phv on input line 9
.

(C:\Users\Hans\AppData\Local\Programs\MiKTeX\tex/latex/psnfss\ot1phv.fd
File: ot1phv.fd 2020/03/25 scalable font definitions for OT1/phv.
)
Package microtype Info: Loading generic protrusion settings for font family
(microtype)             `phv' (encoding: OT1).
(microtype)             For optimal results, create family-specific settings.
(microtype)             See the microtype manual for details.


[1

{C:/Users/Hans/AppData/Local/MiKTeX/fonts/map/pdftex/pdftex.map}{C:/Users/Hans/
AppData/Local/Programs/MiKTeX/fonts/enc/dvips/base/8r.enc} <./figure/../format/
DLSU_Logo.png>]) (format/defense.ltx) (format/approval.ltx) (format/aaa.ltx
(abstract.tex)

<figure/../format/dlsu_thesis_paper_letterhead.pdf, id=208, 614.295pt x 794.97p
t>
File: figure/../format/dlsu_thesis_paper_letterhead.pdf Graphic file (type pdf)

<use figure/../format/dlsu_thesis_paper_letterhead.pdf>
Package pdftex.def Info: figure/../format/dlsu_thesis_paper_letterhead.pdf  use
d on input line 51.
(pdftex.def)             Requested size: 614.31223pt x 794.99231pt.
[2



 <./figure/../format/dlsu_thesis_paper_letterhead.pdf>])) (document.toc
(C:\Users\Hans\AppData\Local\Programs\MiKTeX\tex/latex/microtype\mt-cmr.cfg
File: mt-cmr.cfg 2013/05/19 v2.2 microtype config. file: Computer Modern Roman 
(RS)
)
LaTeX Font Info:    Trying to load font information for U+msa on input line 1.

(C:\Users\Hans\AppData\Local\Programs\MiKTeX\tex/latex/amsfonts\umsa.fd
File: umsa.fd 2013/01/14 v3.01 AMS symbols A
)
(C:\Users\Hans\AppData\Local\Programs\MiKTeX\tex/latex/microtype\mt-msa.cfg
File: mt-msa.cfg 2006/02/04 v1.1 microtype config. file: AMS symbols (a) (RS)
)
LaTeX Font Info:    Trying to load font information for U+msb on input line 1.

(C:\Users\Hans\AppData\Local\Programs\MiKTeX\tex/latex/amsfonts\umsb.fd
File: umsb.fd 2013/01/14 v3.01 AMS symbols B
)
(C:\Users\Hans\AppData\Local\Programs\MiKTeX\tex/latex/microtype\mt-msb.cfg
File: mt-msb.cfg 2005/06/01 v1.0 microtype config. file: AMS symbols (b) (RS)
)
LaTeX Font Info:    Trying to load font information for U+rsfs on input line 1.


(C:\Users\Hans\AppData\Local\Programs\MiKTeX\tex/latex/jknappen\ursfs.fd
File: ursfs.fd 1998/03/24 rsfs font definition file (jk)
)

File: figure/../format/dlsu_thesis_paper_letterhead.pdf Graphic file (type pdf)

<use figure/../format/dlsu_thesis_paper_letterhead.pdf>
Package pdftex.def Info: figure/../format/dlsu_thesis_paper_letterhead.pdf  use
d on input line 28.
(pdftex.def)             Requested size: 614.31223pt x 794.99231pt.
[3


])
\tf@toc=\write10
\openout10 = `document.toc'.



File: figure/../format/dlsu_thesis_paper_letterhead.pdf Graphic file (type pdf)

<use figure/../format/dlsu_thesis_paper_letterhead.pdf>
Package pdftex.def Info: figure/../format/dlsu_thesis_paper_letterhead.pdf  use
d on input line 152.
(pdftex.def)             Requested size: 614.31223pt x 794.99231pt.
[4] (document.lof)
\tf@lof=\write11
\openout11 = `document.lof'.



File: figure/../format/dlsu_thesis_paper_letterhead.pdf Graphic file (type pdf)

<use figure/../format/dlsu_thesis_paper_letterhead.pdf>
Package pdftex.def Info: figure/../format/dlsu_thesis_paper_letterhead.pdf  use
d on input line 156.
(pdftex.def)             Requested size: 614.31223pt x 794.99231pt.
[5

] (document.lot)
\tf@lot=\write12
\openout12 = `document.lot'.



File: figure/../format/dlsu_thesis_paper_letterhead.pdf Graphic file (type pdf)

<use figure/../format/dlsu_thesis_paper_letterhead.pdf>
Package pdftex.def Info: figure/../format/dlsu_thesis_paper_letterhead.pdf  use
d on input line 160.
(pdftex.def)             Requested size: 614.31223pt x 794.99231pt.
[6

]

File: figure/../format/dlsu_thesis_paper_letterhead.pdf Graphic file (type pdf)

<use figure/../format/dlsu_thesis_paper_letterhead.pdf>
Package pdftex.def Info: figure/../format/dlsu_thesis_paper_letterhead.pdf  use
d on input line 169.
(pdftex.def)             Requested size: 614.31223pt x 794.99231pt.
[7


]

File: figure/../format/dlsu_thesis_paper_letterhead.pdf Graphic file (type pdf)

<use figure/../format/dlsu_thesis_paper_letterhead.pdf>
Package pdftex.def Info: figure/../format/dlsu_thesis_paper_letterhead.pdf  use
d on input line 182.
(pdftex.def)             Requested size: 614.31223pt x 794.99231pt.
[8


]

File: figure/../format/dlsu_thesis_paper_letterhead.pdf Graphic file (type pdf)

<use figure/../format/dlsu_thesis_paper_letterhead.pdf>
Package pdftex.def Info: figure/../format/dlsu_thesis_paper_letterhead.pdf  use
d on input line 191.
(pdftex.def)             Requested size: 614.31223pt x 794.99231pt.
[9


] (document.lol)
\tf@lol=\write13
\openout13 = `document.lol'.



File: figure/../format/dlsu_thesis_paper_letterhead.pdf Graphic file (type pdf)

<use figure/../format/dlsu_thesis_paper_letterhead.pdf>
Package pdftex.def Info: figure/../format/dlsu_thesis_paper_letterhead.pdf  use
d on input line 195.
(pdftex.def)             Requested size: 614.31223pt x 794.99231pt.
[10

]

File: figure/../format/dlsu_thesis_paper_letterhead.pdf Graphic file (type pdf)

<use figure/../format/dlsu_thesis_paper_letterhead.pdf>
Package pdftex.def Info: figure/../format/dlsu_thesis_paper_letterhead.pdf  use
d on input line 206.
(pdftex.def)             Requested size: 614.31223pt x 794.99231pt.
[1


]
\openout2 = `introduction.aux'.

 (introduction.tex

File: figure/../format/dlsu_thesis_paper_letterhead.pdf Graphic file (type pdf)

<use figure/../format/dlsu_thesis_paper_letterhead.pdf>
Package pdftex.def Info: figure/../format/dlsu_thesis_paper_letterhead.pdf  use
d on input line 7.
(pdftex.def)             Requested size: 614.31223pt x 794.99231pt.
[2

]

File: figure/../format/dlsu_thesis_paper_letterhead.pdf Graphic file (type pdf)

<use figure/../format/dlsu_thesis_paper_letterhead.pdf>
Package pdftex.def Info: figure/../format/dlsu_thesis_paper_letterhead.pdf  use
d on input line 18.
(pdftex.def)             Requested size: 614.31223pt x 794.99231pt.
[3]

File: figure/../format/dlsu_thesis_paper_letterhead.pdf Graphic file (type pdf)

<use figure/../format/dlsu_thesis_paper_letterhead.pdf>
Package pdftex.def Info: figure/../format/dlsu_thesis_paper_letterhead.pdf  use
d on input line 43.
(pdftex.def)             Requested size: 614.31223pt x 794.99231pt.
[4]
LaTeX Font Info:    Trying to load font information for TS1+ptm on input line 4
7.
 (C:\Users\Hans\AppData\Local\Programs\MiKTeX\tex/latex/psnfss\ts1ptm.fd
File: ts1ptm.fd 2001/06/04 font definitions for TS1/ptm.
)
\clipboard {GO}{GO: To design and implement a real-time pose estimation-based t
inikling learning application that provides immediate feedback and scoring to u
sers based on their performance of tinikling dance routines;}


File: figure/../format/dlsu_thesis_paper_letterhead.pdf Graphic file (type pdf)

<use figure/../format/dlsu_thesis_paper_letterhead.pdf>
Package pdftex.def Info: figure/../format/dlsu_thesis_paper_letterhead.pdf  use
d on input line 77.
(pdftex.def)             Requested size: 614.31223pt x 794.99231pt.
[5]
\clipboard {SO1}{SO1: To implement a real-time pipeline that captures camera fr
ames, extracts robust hand features (landmarks or processed images), and classi
fies gestures into a configurable spell vocabulary with low latency (~30 fps ta
rget) and high accuracy;}
\clipboard {SO2}{SO2: To make the model robust to lighting, background clutter,
 and user variation through data augmentation and landmark-based representation
s }
\clipboard {SO3}{SO3: To design the system to be deployable across desktop, mob
ile, and simple AR setups using cross-platform libraries (OpenCV, MediaPipe, Te
nsorFlow/TensorFlow Lite) }
\clipboard {SO4}{SO4: To make the interaction ergonomically accessible by suppo
rting alternative gestures and calibration for users with different ranges of m
otion }
\clipboard {SO5}{SO5: On UX side, to make spells feel immediately meaningful (c
lear mapping between motion and effect), provide instant feedback when a spell 
is recognized, and allow easy extension of the spell set. }

Underfull \hbox (badness 10000) in paragraph at lines 109--109
[]\OT1/ptm/m/n/9 (+20) GO: To de-velop a real-
 []


Underfull \hbox (badness 2119) in paragraph at lines 109--109
\OT1/ptm/m/n/9 (+20) time pose estimation-based
 []


Underfull \hbox (badness 3039) in paragraph at lines 116--116
\OT1/ptm/m/n/9 (+20) cap-tures the move-ment of
 []


Underfull \hbox (badness 3271) in paragraph at lines 124--124
[]\OT1/ptm/m/n/9 (+20) SO2: To make the pose
 []


Underfull \hbox (badness 1275) in paragraph at lines 124--124
\OT1/ptm/m/n/9 (+20) es-ti-ma-tion model ro-bust to
 []


Underfull \hbox (badness 2035) in paragraph at lines 124--124
\OT1/ptm/m/n/9 (+20) and user vari-a-tion through
 []


Underfull \hbox (badness 1565) in paragraph at lines 132--132
[]\OT1/ptm/m/n/9 (+20) SO3: To de-sign and in-te-
 []


Underfull \hbox (badness 2781) in paragraph at lines 132--132
\OT1/ptm/m/n/9 (+20) dance ac-cu-racy in a post-
 []


Underfull \hbox (badness 1048) in paragraph at lines 140--140
[]\OT1/ptm/m/n/9 (+20) SO4: To eval-u-ate the sys-
 []


Overfull \hbox (2.93106pt too wide) in paragraph at lines 104--148
 [][] 
 []



File: figure/../format/dlsu_thesis_paper_letterhead.pdf Graphic file (type pdf)

<use figure/../format/dlsu_thesis_paper_letterhead.pdf>
Package pdftex.def Info: figure/../format/dlsu_thesis_paper_letterhead.pdf  use
d on input line 155.
(pdftex.def)             Requested size: 614.31223pt x 794.99231pt.
[6]

File: figure/../format/dlsu_thesis_paper_letterhead.pdf Graphic file (type pdf)

<use figure/../format/dlsu_thesis_paper_letterhead.pdf>
Package pdftex.def Info: figure/../format/dlsu_thesis_paper_letterhead.pdf  use
d on input line 156.
(pdftex.def)             Requested size: 614.31223pt x 794.99231pt.
[7]

! LaTeX Error: Lonely \item--perhaps a missing list environment.

See the LaTeX manual or LaTeX Companion for explanation.
Type  H <return>  for immediate help.
 ...                                              
                                                  
l.166 \item P
             romotes cultural preservation by making Tinikling more accessib...

? R
OK, entering \nonstopmode...

Underfull \hbox (badness 10000) detected at line 166
[][]
 []


! LaTeX Error: Lonely \item--perhaps a missing list environment.

See the LaTeX manual or LaTeX Companion for explanation.
Type  H <return>  for immediate help.
 ...                                              
                                                  
l.167 \item S
             tudent engagement and participation in cultural education throu...

Try typing  <return>  to proceed.
If that doesn't work, type  X <return>  to quit.


Underfull \hbox (badness 10000) detected at line 167
[][]
 []


! LaTeX Error: Lonely \item--perhaps a missing list environment.

See the LaTeX manual or LaTeX Companion for explanation.
Type  H <return>  for immediate help.
 ...                                              
                                                  
l.168 \item S
             upports remote or in-classroom instruction through allowing ins...

Try typing  <return>  to proceed.
If that doesn't work, type  X <return>  to quit.


Underfull \hbox (badness 10000) detected at line 168
[][]
 []


! LaTeX Error: Lonely \item--perhaps a missing list environment.

See the LaTeX manual or LaTeX Companion for explanation.
Type  H <return>  for immediate help.
 ...                                              
                                                  
l.174 \item U
             tilizes existing and widely available hardware such as webcams ...

Try typing  <return>  to proceed.
If that doesn't work, type  X <return>  to quit.


Underfull \hbox (badness 10000) detected at line 174
[][]
 []


! LaTeX Error: Lonely \item--perhaps a missing list environment.

See the LaTeX manual or LaTeX Companion for explanation.
Type  H <return>  for immediate help.
 ...                                              
                                                  
l.175 	\item E
              ncourages digital preservation of cultural heritage, lessening...

Try typing  <return>  to proceed.
If that doesn't work, type  X <return>  to quit.


Underfull \hbox (badness 10000) detected at line 175
[][]
 []



File: figure/../format/dlsu_thesis_paper_letterhead.pdf Graphic file (type pdf)

<use figure/../format/dlsu_thesis_paper_letterhead.pdf>
Package pdftex.def Info: figure/../format/dlsu_thesis_paper_letterhead.pdf  use
d on input line 185.
(pdftex.def)             Requested size: 614.31223pt x 794.99231pt.
[8]

File: figure/../format/dlsu_thesis_paper_letterhead.pdf Graphic file (type pdf)

<use figure/../format/dlsu_thesis_paper_letterhead.pdf>
Package pdftex.def Info: figure/../format/dlsu_thesis_paper_letterhead.pdf  use
d on input line 212.
(pdftex.def)             Requested size: 614.31223pt x 794.99231pt.
[9]

File: figure/../format/dlsu_thesis_paper_letterhead.pdf Graphic file (type pdf)

<use figure/../format/dlsu_thesis_paper_letterhead.pdf>
Package pdftex.def Info: figure/../format/dlsu_thesis_paper_letterhead.pdf  use
d on input line 238.
(pdftex.def)             Requested size: 614.31223pt x 794.99231pt.
[10]
<CPECAPS.png, id=441, 2015.53pt x 1014.79124pt>
File: CPECAPS.png Graphic file (type png)
<use CPECAPS.png>
Package pdftex.def Info: CPECAPS.png  used on input line 254.
(pdftex.def)             Requested size: 214.67604pt x 108.08144pt.


File: figure/../format/dlsu_thesis_paper_letterhead.pdf Graphic file (type pdf)

<use figure/../format/dlsu_thesis_paper_letterhead.pdf>
Package pdftex.def Info: figure/../format/dlsu_thesis_paper_letterhead.pdf  use
d on input line 261.
(pdftex.def)             Requested size: 614.31223pt x 794.99231pt.
[11 <./CPECAPS.png>]
LaTeX Info: Symbol \textpeso not provided by
            font family ptm in TS1 encoding.
            Default family used instead on input line 268.
LaTeX Info: Symbol \textpeso not provided by
            font family ptm in TS1 encoding.
            Default family used instead on input line 269.
)

File: figure/../format/dlsu_thesis_paper_letterhead.pdf Graphic file (type pdf)

<use figure/../format/dlsu_thesis_paper_letterhead.pdf>
Package pdftex.def Info: figure/../format/dlsu_thesis_paper_letterhead.pdf  use
d on input line 206.
(pdftex.def)             Requested size: 614.31223pt x 794.99231pt.
[12]

File: figure/../format/dlsu_thesis_paper_letterhead.pdf Graphic file (type pdf)

<use figure/../format/dlsu_thesis_paper_letterhead.pdf>
Package pdftex.def Info: figure/../format/dlsu_thesis_paper_letterhead.pdf  use
d on input line 217.
(pdftex.def)             Requested size: 614.31223pt x 794.99231pt.
[13



]
\openout2 = `literature_review.aux'.

 (literature_review.tex

File: figure/../format/dlsu_thesis_paper_letterhead.pdf Graphic file (type pdf)

<use figure/../format/dlsu_thesis_paper_letterhead.pdf>
Package pdftex.def Info: figure/../format/dlsu_thesis_paper_letterhead.pdf  use
d on input line 16.
(pdftex.def)             Requested size: 614.31223pt x 794.99231pt.
[14

]

File: figure/../format/dlsu_thesis_paper_letterhead.pdf Graphic file (type pdf)

<use figure/../format/dlsu_thesis_paper_letterhead.pdf>
Package pdftex.def Info: figure/../format/dlsu_thesis_paper_letterhead.pdf  use
d on input line 18.
(pdftex.def)             Requested size: 614.31223pt x 794.99231pt.
[15]

File: figure/../format/dlsu_thesis_paper_letterhead.pdf Graphic file (type pdf)

<use figure/../format/dlsu_thesis_paper_letterhead.pdf>
Package pdftex.def Info: figure/../format/dlsu_thesis_paper_letterhead.pdf  use
d on input line 22.
(pdftex.def)             Requested size: 614.31223pt x 794.99231pt.
[16]

File: figure/../format/dlsu_thesis_paper_letterhead.pdf Graphic file (type pdf)

<use figure/../format/dlsu_thesis_paper_letterhead.pdf>
Package pdftex.def Info: figure/../format/dlsu_thesis_paper_letterhead.pdf  use
d on input line 31.
(pdftex.def)             Requested size: 614.31223pt x 794.99231pt.
[17]

File: figure/../format/dlsu_thesis_paper_letterhead.pdf Graphic file (type pdf)

<use figure/../format/dlsu_thesis_paper_letterhead.pdf>
Package pdftex.def Info: figure/../format/dlsu_thesis_paper_letterhead.pdf  use
d on input line 41.
(pdftex.def)             Requested size: 614.31223pt x 794.99231pt.
[18]
Underfull \hbox (badness 10000) in paragraph at lines 60--60
\OT1/ptm/m/it/8 (+20) Es-ti-ma-tion Meth-ods
 []


Underfull \hbox (badness 10000) in paragraph at lines 60--60
\OT1/ptm/m/it/8 (+20) for Con-tem-po-rary
 []


Underfull \hbox (badness 10000) in paragraph at lines 60--60
\OT1/ptm/m/it/8 (+20) Dance Ap-pli-ca-tions
 []


Underfull \hbox (badness 4205) in paragraph at lines 60--60
\OT1/ptm/m/n/8 (+20) pose & shape es-ti-
 []


Underfull \hbox (badness 10000) in paragraph at lines 60--60
[]\OT1/ptm/m/n/8 (+20) Compares SMPL(-
 []


Underfull \hbox (badness 10000) in paragraph at lines 60--60
\OT1/ptm/m/n/8 (+20) A/X), MANO,
 []


Underfull \hbox (badness 10000) in paragraph at lines 60--60
\OT1/ptm/m/n/8 (+20) STAR, FLAME
 []


Underfull \hbox (badness 10000) in paragraph at lines 60--60
\OT1/ptm/m/n/8 (+20) (optimization-based)
 []


Underfull \hbox (badness 10000) in paragraph at lines 60--60
\OT1/ptm/m/n/8 (+20) and HMR, VIBE,
 []


Underfull \hbox (badness 10000) in paragraph at lines 60--60
\OT1/ptm/m/n/8 (+20) SPIN, PARE, EX-
 []


Underfull \hbox (badness 10000) in paragraph at lines 60--60
\OT1/ptm/m/n/8 (+20) im-age, multi-view,
 []


Underfull \hbox (badness 2285) in paragraph at lines 60--60
[]\OT1/ptm/m/n/8 (+20) PHALP out-per-forms
 []


Underfull \hbox (badness 5741) in paragraph at lines 60--60
\OT1/ptm/m/n/8 (+20) po-ral mod-el-ing but
 []


Underfull \hbox (badness 1194) in paragraph at lines 62--62
\OT1/ptm/m/it/8 (+20) ture Data: A Com-
 []


Underfull \hbox (badness 2409) in paragraph at lines 62--62
[]\OT1/ptm/m/n/8 (+20) Kinect skele-tal data
 []


Underfull \hbox (badness 1178) in paragraph at lines 62--62
\OT1/ptm/m/n/8 (+20) for En-teka, Kala-ma-
 []


Underfull \hbox (badness 10000) in paragraph at lines 62--62
\OT1/ptm/m/n/8 (+20) clas-si-fiers: k-NN,
 []


Underfull \hbox (badness 10000) in paragraph at lines 62--62
\OT1/ptm/m/n/8 (+20) Na[]^^Pve Bayes, DA,
 []


Underfull \hbox (badness 7814) in paragraph at lines 64--64
\OT1/ptm/m/it/8 (+20) back \OT1/ptm/m/n/8 (+20) (Zhao et al.,
 []


Underfull \hbox (badness 2772) in paragraph at lines 64--64
[]\OT1/ptm/m/n/8 (+20) Real-time pose es-ti-
 []


Underfull \hbox (badness 2653) in paragraph at lines 64--64
\OT1/ptm/m/n/8 (+20) ma-tion for com-plex
 []


Underfull \hbox (badness 1052) in paragraph at lines 64--64
\OT1/ptm/m/n/8 (+20) Trans-former; trained
 []


Underfull \hbox (badness 2310) in paragraph at lines 64--64
\OT1/ptm/m/n/8 (+20) on AIST & Dance-
 []


Underfull \hbox (badness 10000) in paragraph at lines 64--64
[]\OT1/ptm/m/n/8 (+20) MPJPE:
 []


Underfull \hbox (badness 10000) in paragraph at lines 64--64
\OT1/ptm/m/n/8 (+20) 18.4mm/20.1mm;
 []


Underfull \hbox (badness 10000) in paragraph at lines 64--64
\OT1/ptm/m/n/8 (+20) la-tency 35.2 ms
 []


Underfull \hbox (badness 10000) in paragraph at lines 66--66
[]\OT1/ptm/m/it/8 (+20) Dance Move-ment
 []


Underfull \hbox (badness 10000) in paragraph at lines 66--66
\OT1/ptm/m/it/8 (+20) Recog-ni-tion Based
 []


Underfull \hbox (badness 10000) in paragraph at lines 66--66
[]\OT1/ptm/m/n/8 (+20) Improves low-
 []


Underfull \hbox (badness 10000) in paragraph at lines 66--66
\OT1/ptm/m/n/8 (+20) accuracy tra-di-tional
 []


Underfull \hbox (badness 10000) in paragraph at lines 66--66
[]\OT1/ptm/m/n/8 (+20) PAFs for skele-ton
 []


Underfull \hbox (badness 10000) in paragraph at lines 66--66
\OT1/ptm/m/n/8 (+20) node de-tec-tion;
 []


Underfull \hbox (badness 10000) in paragraph at lines 68--68
[]\OT1/ptm/m/it/8 (+20) The Ap-pli-ca-tion of
 []


Underfull \hbox (badness 10000) in paragraph at lines 68--68
\OT1/ptm/m/it/8 (+20) Deep Learn-ing in
 []


Underfull \hbox (badness 10000) in paragraph at lines 68--68
\OT1/ptm/m/it/8 (+20) Dance Move-ment
 []


Underfull \hbox (badness 10000) in paragraph at lines 68--68
\OT1/ptm/m/n/8 (+20) rec-og-niz-ing dance
 []


Underfull \hbox (badness 10000) in paragraph at lines 68--68
[]\OT1/ptm/m/n/8 (+20) ResNet-152 + HR-
 []


Underfull \hbox (badness 10000) in paragraph at lines 68--68
\OT1/ptm/m/n/8 (+20) Net; global{local
 []


Underfull \hbox (badness 3260) in paragraph at lines 70--70
\OT1/ptm/m/it/8 (+20) Neu-ral Net-work for
 []


Underfull \hbox (badness 2435) in paragraph at lines 70--70
[]\OT1/ptm/m/n/8 (+20) Two-stage AD-HNN
 []


Underfull \hbox (badness 10000) in paragraph at lines 70--70
\OT1/ptm/m/n/8 (+20) (Key-point Lo-cal-
 []


Underfull \hbox (badness 10000) in paragraph at lines 70--70
\OT1/ptm/m/n/8 (+20) iza-tion + Adap-tive
 []


Underfull \hbox (badness 10000) in paragraph at lines 70--70
\OT1/ptm/m/n/8 (+20) Hy-per-graph); SIC
 []


Underfull \hbox (badness 5954) in paragraph at lines 70--70
\OT1/ptm/m/n/8 (+20) mod-ule; end-to-end
 []


Underfull \hbox (badness 10000) in paragraph at lines 72--72
[]\OT1/ptm/m/it/8 (+20) Skeleton Track-ing
 []


Underfull \hbox (badness 1496) in paragraph at lines 72--72
\OT1/ptm/m/it/8 (+20) Ac-cu-racy and Pre-ci-
 []


Underfull \hbox (badness 10000) in paragraph at lines 72--72
\OT1/ptm/m/it/8 (+20) sion Eval-u-a-tion of
 []


Underfull \hbox (badness 10000) in paragraph at lines 72--72
\OT1/ptm/m/it/8 (+20) Kinect V1, Kinect
 []


Underfull \hbox (badness 10000) in paragraph at lines 72--72
\OT1/ptm/m/n/8 (+20) (T[]olgyessy et al.,
 []


Underfull \hbox (badness 3668) in paragraph at lines 72--72
[]\OT1/ptm/m/n/8 (+20) Robotic ma-nip-u-la-tor
 []


Underfull \hbox (badness 3977) in paragraph at lines 72--72
\OT1/ptm/m/n/8 (+20) (500 mea-sure-ments/-
 []


Underfull \hbox (badness 10000) in paragraph at lines 72--72
\OT1/ptm/m/n/8 (+20) po-si-tion); tested
 []


Underfull \hbox (badness 10000) in paragraph at lines 72--72
\OT1/ptm/m/n/8 (+20) Kinect (NFOV/W-
 []


Underfull \hbox (badness 6758) in paragraph at lines 72--72
[]\OT1/ptm/m/n/8 (+20) Azure NFOV high-
 []


Underfull \hbox (badness 2057) in paragraph at lines 72--72
\OT1/ptm/m/n/8 (+20) mm SD); joint fail-
 []


Underfull \hbox (badness 10000) in paragraph at lines 74--74
\OT1/ptm/m/n/8 (+16) back\TS1/ptm/m/n/8 (+16) �\OT1/ptm/m/n/8 (+16) controller\
TS1/ptm/m/n/8 (+16) �\OT1/ptm/m/n/8 (+16) sex);
 []


Underfull \hbox (badness 10000) in paragraph at lines 74--74
\OT1/ptm/m/n/8 (+20) 129 par-tic-i-pants;
 []


Underfull \hbox (badness 10000) in paragraph at lines 74--74
\OT1/ptm/m/n/8 (+20) clear feed-back in-
 []


Underfull \hbox (badness 10000) in paragraph at lines 74--74
\OT1/ptm/m/n/8 (+20) creased en-gage-ment
 []


Underfull \hbox (badness 10000) in paragraph at lines 76--76
[]\OT1/ptm/m/it/8 (+20) A Dy-namic Time
 []


Underfull \hbox (badness 10000) in paragraph at lines 76--76
\OT1/ptm/m/it/8 (+20) Warp-ing Based Al-
 []


Underfull \hbox (badness 1509) in paragraph at lines 76--76
\OT1/ptm/m/it/8 (+20) go-rithm to Eval-u-ate
 []


Underfull \hbox (badness 1360) in paragraph at lines 76--76
\OT1/ptm/m/n/8 (+20) ori-en-ta-tion; con-verts
 []


Underfull \hbox (badness 10000) in paragraph at lines 76--76
\OT1/ptm/m/n/8 (+20) DTW dis-tance to
 []


Underfull \hbox (badness 7907) in paragraph at lines 76--76
\OT1/ptm/m/n/8 (+20) 0{100% score; 21
 []


! LaTeX Error: Unicode character ≈ (U+2248)
               not set up for use with LaTeX.

See the LaTeX manual or LaTeX Companion for explanation.
Type  H <return>  for immediate help.
 ...                                              
                                                  
l.76 ...hi) & Scores correlated with experts (r≈
                                                  0.86); robust to tempo var...

You may provide a definition with
\DeclareUnicodeCharacter 


Underfull \hbox (badness 10000) in paragraph at lines 78--78
[]\OT1/ptm/m/it/8 (+20) Choreographic Pat-
 []


Underfull \hbox (badness 10000) in paragraph at lines 78--78
\OT1/ptm/m/it/8 (+20) tern Anal-y-sis from
 []


Underfull \hbox (badness 10000) in paragraph at lines 78--78
\OT1/ptm/m/it/8 (+20) Cap-ture Sys-tems
 []


Underfull \hbox (badness 10000) in paragraph at lines 78--78
[]\OT1/ptm/m/n/8 (+20) Kinect nois-ier but
 []


Underfull \hbox (badness 10000) in paragraph at lines 78--78
\OT1/ptm/m/n/8 (+20) smooth-ing & joint
 []


Underfull \hbox (badness 10000) in paragraph at lines 78--78
\OT1/ptm/m/n/8 (+20) se-lec-tion im-proved
 []


Underfull \hbox (badness 10000) in paragraph at lines 80--80
[]\OT1/ptm/m/it/8 (+20) Dance Move-ment
 []


Underfull \hbox (badness 10000) in paragraph at lines 80--80
\OT1/ptm/m/it/8 (+20) Pose Es-ti-ma-tion in
 []


Underfull \hbox (badness 10000) in paragraph at lines 80--80
\OT1/ptm/m/it/8 (+20) Com-plex Scenes
 []


Underfull \hbox (badness 4353) in paragraph at lines 80--80
\OT1/ptm/m/it/8 (+20) Based on Im-proved
 []


Underfull \hbox (badness 10000) in paragraph at lines 80--80
\OT1/ptm/m/it/8 (+20) High-Resolution
 []


Underfull \hbox (badness 10000) in paragraph at lines 80--80
[]\OT1/ptm/m/n/8 (+20) Pose es-ti-ma-tion in
 []


Underfull \hbox (badness 10000) in paragraph at lines 80--80
[]\OT1/ptm/m/n/8 (+20) Enhanced HR-Net
 []


Underfull \hbox (badness 1616) in paragraph at lines 80--80
\OT1/ptm/m/n/8 (+20) back-bone; im-proved
 []


Underfull \hbox (badness 10000) in paragraph at lines 80--80
\OT1/ptm/m/n/8 (+20) fea-ture ex-trac-tion;
 []


Underfull \hbox (badness 2020) in paragraph at lines 80--80
[]\OT1/ptm/m/n/8 (+20) More re-li-able un-der
 []


Underfull \hbox (badness 1609) in paragraph at lines 80--80
\OT1/ptm/m/n/8 (+20) oc-clu-sion; im-proved
 []


Underfull \hbox (badness 10000) in paragraph at lines 82--82
\OT1/ptm/m/it/8 (+20) Sys-tem in Turk-ish
 []


Underfull \hbox (badness 10000) in paragraph at lines 82--82
\OT1/ptm/m/it/8 (+20) Folk Dance Us-ing
 []


Underfull \hbox (badness 10000) in paragraph at lines 82--82
\OT1/ptm/m/it/8 (+20) Pose Es-ti-ma-tion
 []


Underfull \hbox (badness 10000) in paragraph at lines 82--82
\OT1/ptm/m/n/8 (+20) (B[]uy[]ukg[]oko[]glan &
 []


Underfull \hbox (badness 4543) in paragraph at lines 82--82
\OT1/ptm/m/n/8 (+20) scor-ing for Turk-ish
 []


Underfull \hbox (badness 10000) in paragraph at lines 82--82
[]\OT1/ptm/m/n/8 (+20) Webcam cap-ture;
 []


Underfull \hbox (badness 10000) in paragraph at lines 82--82
\OT1/ptm/m/n/8 (+20) Me-di-aPipe/Y-OLO
 []


Underfull \hbox (badness 10000) in paragraph at lines 82--82
\OT1/ptm/m/n/8 (+20) pose ex-trac-tion;
 []


! LaTeX Error: Unicode character ≈ (U+2248)
               not set up for use with LaTeX.

See the LaTeX manual or LaTeX Companion for explanation.
Type  H <return>  for immediate help.
 ...                                              
                                                  
l.82 ...amese models & LSTM: ~68.43 score (MSE ≈
                                                   56.11); DTW: ~60.64 (MSE ...

You may provide a definition with
\DeclareUnicodeCharacter 


! LaTeX Error: Unicode character ≈ (U+2248)
               not set up for use with LaTeX.

See the LaTeX manual or LaTeX Companion for explanation.
Type  H <return>  for immediate help.
 ...                                              
                                                  
l.82 ...core (MSE ≈ 56.11); DTW: ~60.64 (MSE ≈
                                                   139.32); feasible but sen...

You may provide a definition with
\DeclareUnicodeCharacter 

File: figure/../format/dlsu_thesis_paper_letterhead.pdf Graphic file (type pdf)

<use figure/../format/dlsu_thesis_paper_letterhead.pdf>
Package pdftex.def Info: figure/../format/dlsu_thesis_paper_letterhead.pdf  use
d on input line 84.
(pdftex.def)             Requested size: 614.31223pt x 794.99231pt.
[19]
File: figure/../format/dlsu_thesis_paper_letterhead.pdf Graphic file (type pdf)

<use figure/../format/dlsu_thesis_paper_letterhead.pdf>
Package pdftex.def Info: figure/../format/dlsu_thesis_paper_letterhead.pdf  use
d on input line 84.
(pdftex.def)             Requested size: 614.31223pt x 794.99231pt.
 [20]
! Misplaced alignment tab character &.
l.100 ...gnment approaches (Lin et al., 2015; Yu &
                                                   Xiong, 2019) highlight th...
I can't figure out why you would want to use a tab mark
here. If you just want an ampersand, the remedy is
simple: Just type `I\&' now. But if some right brace
up above has ended a previous alignment prematurely,
you're probably due for more error messages, and you
might try typing `S' now just to see what is salvageable.



File: figure/../format/dlsu_thesis_paper_letterhead.pdf Graphic file (type pdf)

<use figure/../format/dlsu_thesis_paper_letterhead.pdf>
Package pdftex.def Info: figure/../format/dlsu_thesis_paper_letterhead.pdf  use
d on input line 101.
(pdftex.def)             Requested size: 614.31223pt x 794.99231pt.
[21]
! Misplaced alignment tab character &.
l.102 ...g Turkish folk dance (Büyükgökoğlan &
                                                   Uğuz, 2025).
I can't figure out why you would want to use a tab mark
here. If you just want an ampersand, the remedy is
simple: Just type `I\&' now. But if some right brace
up above has ended a previous alignment prematurely,
you're probably due for more error messages, and you
might try typing `S' now just to see what is salvageable.

)

File: figure/../format/dlsu_thesis_paper_letterhead.pdf Graphic file (type pdf)

<use figure/../format/dlsu_thesis_paper_letterhead.pdf>
Package pdftex.def Info: figure/../format/dlsu_thesis_paper_letterhead.pdf  use
d on input line 217.
(pdftex.def)             Requested size: 614.31223pt x 794.99231pt.
[22]

File: figure/../format/dlsu_thesis_paper_letterhead.pdf Graphic file (type pdf)

<use figure/../format/dlsu_thesis_paper_letterhead.pdf>
Package pdftex.def Info: figure/../format/dlsu_thesis_paper_letterhead.pdf  use
d on input line 229.
(pdftex.def)             Requested size: 614.31223pt x 794.99231pt.
[23



]


pdfTeX warning (ext4): destination with the same identifier (name{page.22}) has
 been already used, duplicate ignored
<to be read again> 
                   \relax 
l.240 	\include{design_considerations}
                                      
File: figure/../format/dlsu_thesis_paper_letterhead.pdf Graphic file (type pdf)

<use figure/../format/dlsu_thesis_paper_letterhead.pdf>
Package pdftex.def Info: figure/../format/dlsu_thesis_paper_letterhead.pdf  use
d on input line 240.
(pdftex.def)             Requested size: 614.31223pt x 794.99231pt.
 [22



]

File: figure/../format/dlsu_thesis_paper_letterhead.pdf Graphic file (type pdf)

<use figure/../format/dlsu_thesis_paper_letterhead.pdf>
Package pdftex.def Info: figure/../format/dlsu_thesis_paper_letterhead.pdf  use
d on input line 251.
(pdftex.def)             Requested size: 614.31223pt x 794.99231pt.
[27



]
\openout2 = `methodology.aux'.

 (methodology.tex
<methodology.png, id=509, 1686.3pt x 562.1pt>
File: methodology.png Graphic file (type png)
<use methodology.png>
Package pdftex.def Info: methodology.png  used on input line 56.
(pdftex.def)             Requested size: 343.48299pt x 114.49362pt.


File: figure/../format/dlsu_thesis_paper_letterhead.pdf Graphic file (type pdf)

<use figure/../format/dlsu_thesis_paper_letterhead.pdf>
Package pdftex.def Info: figure/../format/dlsu_thesis_paper_letterhead.pdf  use
d on input line 68.
(pdftex.def)             Requested size: 614.31223pt x 794.99231pt.
[28

 <./methodology.png>]

File: figure/../format/dlsu_thesis_paper_letterhead.pdf Graphic file (type pdf)

<use figure/../format/dlsu_thesis_paper_letterhead.pdf>
Package pdftex.def Info: figure/../format/dlsu_thesis_paper_letterhead.pdf  use
d on input line 74.
(pdftex.def)             Requested size: 614.31223pt x 794.99231pt.
[29]
! Misplaced alignment tab character &.
l.79 ...detected joints, or occlusion (Ben Gamra &
                                                   Akhloufi, 2021).
I can't figure out why you would want to use a tab mark
here. If you just want an ampersand, the remedy is
simple: Just type `I\&' now. But if some right brace
up above has ended a previous alignment prematurely,
you're probably due for more error messages, and you
might try typing `S' now just to see what is salvageable.



File: figure/../format/dlsu_thesis_paper_letterhead.pdf Graphic file (type pdf)

<use figure/../format/dlsu_thesis_paper_letterhead.pdf>
Package pdftex.def Info: figure/../format/dlsu_thesis_paper_letterhead.pdf  use
d on input line 85.
(pdftex.def)             Requested size: 614.31223pt x 794.99231pt.
[30])

File: figure/../format/dlsu_thesis_paper_letterhead.pdf Graphic file (type pdf)

<use figure/../format/dlsu_thesis_paper_letterhead.pdf>
Package pdftex.def Info: figure/../format/dlsu_thesis_paper_letterhead.pdf  use
d on input line 251.
(pdftex.def)             Requested size: 614.31223pt x 794.99231pt.
[31] (document.bbl)

File: figure/../format/dlsu_thesis_paper_letterhead.pdf Graphic file (type pdf)

<use figure/../format/dlsu_thesis_paper_letterhead.pdf>
Package pdftex.def Info: figure/../format/dlsu_thesis_paper_letterhead.pdf  use
d on input line 305.
(pdftex.def)             Requested size: 614.31223pt x 794.99231pt.
[32


]
! Undefined control sequence.
<recently read> \appendixR 
                           
l.309 	\appendixR
                 
The control sequence at the end of the top line
of your error message was never \def'ed. If you have
misspelled it (e.g., `\hobx'), type `I' and the correct
spelling (e.g., `I\hbox'). Otherwise just continue,
and I'll forget about whatever was undefined.


Underfull \hbox (badness 10000) in paragraph at lines 321--321
[]\OT1/ptm/b/n/12 (+20) Source Con-
 []


Overfull \hbox (2.52872pt too wide) in paragraph at lines 322--322
[]\OT1/ptm/m/n/12 (-20) Intermediate
 []


Underfull \hbox (badness 10000) in paragraph at lines 322--322

 []


Overfull \hbox (2.52872pt too wide) in paragraph at lines 322--322
[]\OT1/ptm/m/n/12 (-20) Intermediate
 []


Underfull \hbox (badness 10000) in paragraph at lines 322--322

 []


Overfull \hbox (2.52872pt too wide) in paragraph at lines 323--323
[]\OT1/ptm/m/n/12 (-20) Intermediate
 []


Underfull \hbox (badness 10000) in paragraph at lines 323--323

 []


Overfull \hbox (2.52872pt too wide) in paragraph at lines 323--323
[]\OT1/ptm/m/n/12 (-20) Intermediate
 []


Underfull \hbox (badness 10000) in paragraph at lines 323--323

 []


Overfull \hbox (2.52872pt too wide) in paragraph at lines 324--324
[]\OT1/ptm/m/n/12 (-20) Intermediate
 []


Underfull \hbox (badness 10000) in paragraph at lines 324--324

 []


Overfull \hbox (2.52872pt too wide) in paragraph at lines 324--324
[]\OT1/ptm/m/n/12 (-20) Intermediate
 []


Underfull \hbox (badness 10000) in paragraph at lines 324--324

 []


Overfull \hbox (2.40771pt too wide) in paragraph at lines 319--326
 [][] 
 []



File: figure/../format/dlsu_thesis_paper_letterhead.pdf Graphic file (type pdf)

<use figure/../format/dlsu_thesis_paper_letterhead.pdf>
Package pdftex.def Info: figure/../format/dlsu_thesis_paper_letterhead.pdf  use
d on input line 328.
(pdftex.def)             Requested size: 614.31223pt x 794.99231pt.
[33


]
<hans_wbs.png, id=536, 2023.56pt x 1304.875pt>
File: hans_wbs.png Graphic file (type png)
<use hans_wbs.png>
Package pdftex.def Info: hans_wbs.png  used on input line 334.
(pdftex.def)             Requested size: 407.88318pt x 263.02118pt.
<nathan_wbs.png, id=537, 714.67pt x 396.48125pt>
File: nathan_wbs.png Graphic file (type png)
<use nathan_wbs.png>
Package pdftex.def Info: nathan_wbs.png  used on input line 340.
(pdftex.def)             Requested size: 407.88318pt x 226.28705pt.
<gerald_wbs.png, id=538, 1093.08376pt x 656.4525pt>
File: gerald_wbs.png Graphic file (type png)
<use gerald_wbs.png>
Package pdftex.def Info: gerald_wbs.png  used on input line 346.
(pdftex.def)             Requested size: 407.88318pt x 244.95706pt.


File: figure/../format/dlsu_thesis_paper_letterhead.pdf Graphic file (type pdf)

<use figure/../format/dlsu_thesis_paper_letterhead.pdf>
Package pdftex.def Info: figure/../format/dlsu_thesis_paper_letterhead.pdf  use
d on input line 354.
(pdftex.def)             Requested size: 614.31223pt x 794.99231pt.
[34


]

File: figure/../format/dlsu_thesis_paper_letterhead.pdf Graphic file (type pdf)

<use figure/../format/dlsu_thesis_paper_letterhead.pdf>
Package pdftex.def Info: figure/../format/dlsu_thesis_paper_letterhead.pdf  use
d on input line 354.
(pdftex.def)             Requested size: 614.31223pt x 794.99231pt.
[35 <./hans_wbs.png>]

File: figure/../format/dlsu_thesis_paper_letterhead.pdf Graphic file (type pdf)

<use figure/../format/dlsu_thesis_paper_letterhead.pdf>
Package pdftex.def Info: figure/../format/dlsu_thesis_paper_letterhead.pdf  use
d on input line 354.
(pdftex.def)             Requested size: 614.31223pt x 794.99231pt.
[36 <./nathan_wbs.png> <./gerald_wbs.png>] (document.aux (introduction.aux)
(literature_review.aux) (theoretical_considerations.aux)
(design_considerations.aux) (methodology.aux) (vita.aux))
 ***********
LaTeX2e <2024-11-01> patch level 2
L3 programming layer <2020/03/25>
 ***********
Package rerunfilecheck Info: File `document.out' has not changed.
(rerunfilecheck)             Checksum: 62E474A5C87F60B73D9CF0555543AC30;8403.
 ) 
Here is how much of TeX's memory you used:
 42384 strings out of 473523
 749932 string characters out of 5715114
 1571453 words of memory out of 5000000
 64266 multiletter control sequences out of 15000+600000
 608850 words of font info for 333 fonts, out of 8000000 for 9000
 1149 hyphenation exceptions out of 8191
 114i,13n,110p,2737b,819s stack positions out of 10000i,1000n,20000p,200000b,200000s

pdfTeX warning (dest): name{chapter.13} has been referenced but does not exist,
 replaced by a fixed one


pdfTeX warning (dest): name{section.4.2} has been referenced but does not exist
, replaced by a fixed one


pdfTeX warning (dest): name{section.4.1} has been referenced but does not exist
, replaced by a fixed one


pdfTeX warning (dest): name{section.3.1} has been referenced but does not exist
, replaced by a fixed one

 <C:\Users\Hans\AppData\Local\MiKTeX\fonts/pk/ljfour/jknappen/ec/dpi600\tcrb120
0.pk> <C:\Users\Hans\AppData\Local\MiKTeX\fonts/pk/ljfour/jknappen/ec/dpi600\tc
rm1200.pk><C:/Users/Hans/AppData/Local/Programs/MiKTeX/fonts/type1/public/amsfo
nts/cm/cmmi8.pfb><C:/Users/Hans/AppData/Local/Programs/MiKTeX/fonts/type1/urw/h
elvetic/uhvb8a.pfb><C:/Users/Hans/AppData/Local/Programs/MiKTeX/fonts/type1/urw
/helvetic/uhvr8a.pfb><C:/Users/Hans/AppData/Local/Programs/MiKTeX/fonts/type1/u
rw/times/utmb8a.pfb><C:/Users/Hans/AppData/Local/Programs/MiKTeX/fonts/type1/ur
w/times/utmr8a.pfb><C:/Users/Hans/AppData/Local/Programs/MiKTeX/fonts/type1/urw
/times/utmri8a.pfb>
Output written on document.pdf (44 pages, 548210 bytes).
PDF statistics:
 628 PDF objects out of 1000 (max. 8388607)
 170 named destinations out of 1000 (max. 500000)
 82352 words of extra memory for PDF output out of 89155 (max. 10000000)

